R0,R1,C1,R2,C2,Voc_slope,Voc_intercept,Capacity_Ah,CycleIndex,Battery
0.02394385889881445,0.00010000000000006653,2049.3924340612716,0.00010000000000008929,84.47391200300288,-0.49999999999999994,3.7531267268313053,1.861951950125798,1,B0005
0.02148265654120711,0.0009815313525725798,75.19957810385083,0.00044112326140462014,159.26808633645493,-0.4999999999999959,3.7615489907147817,1.8518340400596853,2,B0005
0.012774505030881796,0.00010000000000452546,1186.3613312261587,0.00010000000000437603,780.946399791955,-0.4999999999999999,3.7846032132241874,1.84079871703338,3,B0005
0.019672258827544874,0.00010000008507202214,1312.2456426210906,0.00010000008342559195,1929.825062463761,-0.49999999999109357,3.770606599616964,1.8406884921096607,4,B0005
0.024862053725217905,0.00010000000000058247,280.6458073059232,0.00010000000000043778,17.958215051582123,-0.49999999999994543,3.759742174363282,1.84008683771641,5,B0005
0.02847306671647137,0.00010000000136970668,35.14504447439111,0.00010000000139209344,11.036801629772004,-0.4999999999996939,3.753661115656051,1.841099358222776,6,B0005
0.034008545352778086,0.00010000000766302049,161.9484924478117,0.0001000000076366782,106.4428523645335,-0.499999999997492,3.7431959695363344,1.8405862545426583,7,B0005
0.015735730571532023,0.0015625197742349976,1351.33198922596,0.0014336891776668365,1431.7511642898378,-0.49999999999999994,3.7791830721111985,1.8311541366170079,8,B0005
0.026576007950584273,0.00010000000019790208,26.04352200731438,0.00010000000005259706,1716.5623432049138,-0.49999999999999994,3.761478281482781,1.8302233813202418,9,B0005
0.03180582049599902,0.00010000000000000002,847.1326559337592,0.00010000000000000002,1233.6944896092689,-0.49999999999982614,3.750058220504565,1.8299994933417423,10,B0005
0.04040378793803007,0.00010000000000272973,312.1971092943063,0.00010000000000275301,95.98405166222949,-0.49999999999999994,3.7306059657837,1.8299980558998383,11,B0005
0.02328458283131261,0.00010000000010713517,1238.9926511930612,0.00010000000092032751,680.0634279401054,-0.49999999999999994,3.770127383685451,1.8195979721105182,12,B0005
0.00010000000405458867,0.012087737551488884,28.505373508321316,0.02006194341006894,43.1329979495048,-0.49999999999999994,3.750424064041394,1.8190998479483707,13,B0005
0.035376506674150605,0.00010000000064286989,173.90329813704227,0.00010000000052628682,263.94152837773,-0.49999999999999994,3.741695520766683,1.8187990098955567,14,B0005
0.014372184101725916,0.0001000000000000014,121.62834387235,0.00010000000000000495,50.798192883086266,-0.49999999999999994,3.7868785703919294,1.8079631905409188,15,B0005
0.00010006308158646115,0.00699107019499933,142.424870923229,0.013104936847676897,75.90624826895221,-0.4999999999999968,3.77348120076542,1.8074753229188163,16,B0005
0.026874884185761862,0.0001560175661634308,2163.289967674673,0.00015602477334705867,2843.296311453582,-0.49999999999988765,3.757672156518797,1.8079745895831805,17,B0005
0.033981162332036165,0.00010027993283157276,4275.219301585431,0.00010026274846963493,5032.00936355846,-0.4999999999999957,3.7415484424489818,1.8084160844930315,18,B0005
0.03656919484164898,0.00010072202543305127,2740.5476020289357,0.00010071885841325416,4191.103879126749,-0.4999999999999969,3.735275949786721,1.8081314276923426,19,B0005
0.04255017384827264,0.00010000000000000553,260.51954824019316,0.00010000000000000716,6542.661231477528,-0.4999999999810829,3.733844911897115,1.852414369975737,20,B0005
0.0591552276914338,0.00010000003824098615,3560.435289537145,0.00010000003824100985,3363.343926555821,-0.49999999999999495,3.699928895798309,1.852794186676616,21,B0005
0.040500399312770406,0.00010000000005772888,12.707827064883986,0.00010000000007533487,23.15312712983917,-0.49999999999999994,3.737788545046464,1.841570188494747,22,B0005
0.02536889990880825,0.00010000000000000009,554.3579568386361,0.00010000000000000044,1197.3305416529224,-0.49999999999999994,3.767788400821386,1.8311634883197176,23,B0005
0.0035306351968148867,0.0012293186512878729,1673.9841394292591,0.026788435336918454,77.40056030608868,-0.49999999999999994,3.753250484976817,1.8305087381422456,24,B0005
0.042830183431837705,0.00010000000000000003,2991.647828378055,0.00010000000000000002,2131.7269211083512,-0.49999999999999856,3.726969626211358,1.8309385444155313,25,B0005
0.018594648971983083,0.00010000001753162149,189.59235019780124,0.00010000001851796818,39.17076751976579,-0.4999999999999988,3.778738849158877,1.8193916427413335,26,B0005
0.03255801284545565,0.0001000000000270115,2239.902329480066,0.00010000000001870756,2921.0322504560454,-0.49999999999999994,3.7461624828454565,1.820129694529988,27,B0005
0.03747979300025568,0.00010000000000108739,2150.813108681278,0.00010000000000009482,20.68961431086915,-0.4999999999981857,3.7338686115935187,1.8193301668811832,28,B0005
0.0001030537888909102,0.00012232014526315714,292.90946118867856,0.01507970832177032,34.0841334636526,-0.49999999999999994,3.782340473853813,1.8081079539642115,29,B0005
0.026063576530685896,0.00010000000127320133,1950.1710399030712,0.0001000000009021811,2246.1369477039457,-0.49999999999999994,3.756786240266526,1.809387285628278,30,B0005
0.04768568461394569,0.00010291941528974657,705.8204774590337,0.0001029190427426019,696.4716398582549,-0.4999999999999939,3.7237663012092828,1.854729496094291,31,B0005
0.04478560083461836,0.00010000000001136664,468.6981170766899,0.00010000000000956107,56.89904268285562,-0.49999999999999994,3.729381069943421,1.8336006013972383,32,B0005
0.036910306484395236,0.00010019175220011734,597.5256345662154,0.00010019175264608199,243.9203677127553,-0.49999999999999994,3.7430549680300556,1.8228280024686496,33,B0005
0.027339737992211694,0.00010010985650221803,278.3171948264928,0.00010010985000122023,0.100018551149617,-0.49999999999999994,3.7588493803223724,1.8121752075861792,34,B0005
0.03362395358637842,0.00010000000000607982,227.53367128593288,0.00010000000000596747,10.442903896036142,-0.49999999999999994,3.743180579524613,1.8075461949970868,35,B0005
0.027413648215936046,0.00010000000938395695,88.73009676682591,0.00010000000068581746,558.4284912860122,-0.49999999999999994,3.757429120012209,1.8022830804899914,36,B0005
0.015586242205901034,0.0001592451825610545,195.55251014061412,0.00015925455905259597,132.2199945046239,-0.49999999999999967,3.7785049868450695,1.7913400516779023,37,B0005
0.019356705662064894,0.00010870216124112938,72.63166691323126,0.00010870207094687708,0.10001513126945838,-0.4999999999999998,3.767961833097433,1.7858124989367081,38,B0005
0.009253420748384198,0.00010000000506856576,235.68053976915493,0.00010000000689973937,402.5657708878808,-0.49999999999999994,3.785998703611244,1.7759383253858907,39,B0005
0.0001000402510644449,0.001180820866837855,71.52492433722507,0.02123568009024521,13.220310238699625,-0.4999999999999995,3.757262156992788,1.7759725572584446,40,B0005
0.015994808494641986,0.00010000000142929107,883.4192122530574,0.00010000000128420551,1110.2182395142358,-0.49999999999999994,3.772394354598023,1.7707652086120156,41,B0005
0.00010050941049919426,0.0118597228459317,0.15869306639072797,0.0021158665233932143,0.16644722088388172,-0.4999999999999989,3.775772511110773,1.7651926744498152,42,B0005
0.00010000371158962656,0.00010000038438792277,1895.2375372510191,0.00010000038438344279,1603.759024276476,-0.4999999999968108,3.8015007565129473,1.7729389905657804,43,B0005
0.010185553551567058,0.00013181197921498757,283.85621682391917,0.00013181121190267018,238.93992008098144,-0.4999999999999998,3.779908446582755,1.765592980047426,44,B0005
0.0047166789692713075,0.00010000000000529751,1131.9164666699999,0.00010000000000575692,757.7201517195965,-0.49999999999999994,3.786553266856012,1.7546456675547355,45,B0005
0.0001000000000000051,0.00010000000000000007,446.76753779926366,0.00010000000000000007,277.39746528691944,-0.49999999999882005,3.794340807450681,1.74476384104258,46,B0005
0.0006619714032268336,0.00010096918226697633,0.10004886416157888,0.0001009692127169791,636.5722089569647,-0.49999999999999994,3.790209469813557,1.7389904072039604,47,B0005
0.05200634102009998,0.00010000000037465656,3624.6546375978296,0.00010000000034334486,2486.9644339734323,-0.4999999999999999,3.706594156673645,1.7965097542775637,48,B0005
0.00010013600628295715,0.00028677484433186175,71.96128717491946,0.02931583736706018,14.324329093418669,-0.4999999999999962,3.7530146101352586,1.786079145400265,49,B0005
0.0001001725043013078,0.0002996458701660462,176.18471604786376,0.02024132894563834,19.98665843955867,-0.49999999999999994,3.7644173377900794,1.770278104593886,50,B0005
0.0001006656666617952,0.00010014235946323482,10.671583381850208,0.02116094680059199,26.630928537994432,-0.4999999999999984,3.7572898589552755,1.7599327871687052,51,B0005
0.00013723112082095207,0.0032905955475009034,157.2207332408277,0.007568919019968302,72.69785408850198,-0.49999999999999994,3.7750004613529495,1.7497810237362108,52,B0005
0.00010035638120923455,0.0016704784146488127,317.2259011761177,0.015068980422801574,31.609720948251216,-0.49999999999999994,3.760243196028261,1.7446139779644414,53,B0005
0.014293577938154117,0.00010000000052994014,201.70157184494968,0.00010000000052070177,584.3890220639894,-0.49999999999999994,3.7645123316080285,1.7393326447646538,54,B0005
0.006714958608932528,0.00010000001902031804,188.89283489513952,0.00010000001790159925,344.6076977228319,-0.49999999999999994,3.776191729606364,1.7292824780137324,55,B0005
0.00010000000000000002,0.00010000000000000002,377.63064072986504,0.00010000000000000002,360.5335989826648,-0.49999999999999994,3.787504848881802,1.7187036975063659,56,B0005
0.00010000000000000002,0.00010000000000000002,233.6380834957069,0.00010000000000000002,699.0604479458891,-0.49999999999983685,3.784685201083005,1.713426600717085,57,B0005
0.00010000001710861019,0.00010000000006486554,639.6507931134453,0.00010000000006485081,355.86683226021637,-0.49999999999999994,3.783760833257563,1.7089586509245498,58,B0005
0.00010000000000000002,0.00010000000000000002,508.2476212646942,0.00010000000000000002,654.3828191785174,-0.49999999999692685,3.7838157325577653,1.7032212406125418,59,B0005
0.00010000000000000002,0.00010000000000000002,222.16320843701226,0.00010000000000000002,1099.5354500833182,-0.49999999999999994,3.7801323631745927,1.6975261991679176,60,B0005
0.00010000000000000048,0.00010000000000000022,2016.044499445632,0.0001000000000000002,1617.7655573628222,-0.4999999999999965,3.779067944353645,1.6877988764988738,61,B0005
0.00010000000004451087,0.00010000000013675499,12.191685157390282,0.00010000000013675514,89.71285656997618,-0.4999999999985354,3.7783589939727515,1.6774339986222815,62,B0005
0.00010000000000000021,0.00010000000000000002,2042.4507070543136,0.00010000000000000002,2602.288054108986,-0.499999999999987,3.774683798885899,1.677487094102361,63,B0005
0.00010000023025579832,0.00010000046366354357,164.0610845209054,0.00010000046366354756,216.56859557591093,-0.49999999999999994,3.7746672147087303,1.6666897993965792,64,B0005
0.00010000000000011742,0.00010000000000006885,791.0559310662381,0.00010000000000006896,994.516700330576,-0.49999999999960043,3.7755370593442086,1.6619360867923914,65,B0005
0.00010000000000000022,0.00010000000000000247,753.7715192572931,0.00010000000000000251,1020.7976805536359,-0.4999999999999998,3.7692571420434886,1.6568213404083498,66,B0005
0.00010000000000790652,0.00010000000004334287,1535.5970235287161,0.00010000000004334508,1594.6785238041673,-0.49999999997324884,3.769009688962854,1.6456121585729522,67,B0005
0.00010000000000881637,0.00010000000000075629,513.750743992656,0.00010000000000075866,80.19155067475587,-0.49999999999999994,3.7652835670977183,1.6408150096745229,68,B0005
0.00010000000000235211,0.00010000000001991951,1598.738466161914,0.00010000000001991908,1172.8389432147424,-0.499999999995107,3.764801577029153,1.6356937368696514,69,B0005
0.00010000000000604207,0.00010000000004479661,1314.267760144645,0.0001000000000447953,1281.5082683386127,-0.4999999999821744,3.76193350618628,1.630701250544928,70,B0005
0.00010000000000439474,0.00010000000003404379,1121.947435231481,0.0001000000000340431,1248.3389961032183,-0.4999999999882985,3.7587244347520143,1.6250485025889965,71,B0005
0.000100000027757058,0.00010000003686834605,150.31051726254614,0.0001000000368684413,298.70745430772894,-0.4999999999999997,3.7609207727297025,1.6142996998142431,72,B0005
0.00010000000000001682,0.00010000000000001171,207.20195569979353,0.00010000000000001154,38.955418402331816,-0.49999999999999994,3.757129352070233,1.6094799144091874,73,B0005
0.00010000000005352017,0.00010000000006937299,25.387688718246196,0.00010000000006936748,229.94460959641177,-0.49999999999999994,3.7535641700811433,1.6044824382428684,74,B0005
0.00010000000000015602,0.00010000000002186558,988.0770046348492,0.00010000000002186881,1072.985729543486,-0.4999999999999414,3.7546842164957126,1.5933626329738975,75,B0005
0.00010000000000637225,0.00010000000000065577,502.6752170058374,0.00010000000000065565,471.84593814088123,-0.4999999999999103,3.7512489409163616,1.5887612599653969,76,B0005
0.00010000000000046571,0.00010000000011302846,223.4075537953034,0.00010000000011299209,528.5694078214873,-0.49999999999946776,3.7478835442359135,1.5878792582768275,77,B0005
0.00010000000000016601,0.0001000000000002913,1407.6069500304181,0.0001000000000002892,2182.742658316521,-0.49999999999999994,3.7538298202279945,1.5984436551475647,78,B0005
0.00010000000000000006,0.00010000000000000002,1050.6713069203893,0.00010000000000000002,1073.8923299462126,-0.49999999999999994,3.747618187220757,1.5776970242898862,79,B0005
0.00010000000000884307,0.0001000000000002879,1185.0489728995103,0.00010000000000028808,1957.8176870987518,-0.4999999999999855,3.7439706084793047,1.5678558785764944,80,B0005
0.00010000000000169774,0.00010000000000005291,1400.8584362481322,0.00010000000000005306,1673.7627456046157,-0.4999999999999987,3.742388051501704,1.5627662615784155,81,B0005
0.00010000000011225378,0.00010000000000571834,1016.6709253495329,0.00010000000000571845,881.9353150766999,-0.49999999999947364,3.7409066652830214,1.562483823924181,82,B0005
0.0001000000000644297,0.00010000000000286089,1073.6891684809104,0.0001000000000028607,901.0263407217346,-0.499999999999815,3.7414420115633527,1.5577299054892937,83,B0005
0.00010000000000715972,0.00010000000000025249,867.08090573931,0.00010000000000025262,723.6012954314322,-0.49999999999999806,3.7377079305096688,1.5518456800307168,84,B0005
0.00010000000000000658,0.00010000000000000011,1569.6177724224945,0.00010000000000000018,1246.9469116409705,-0.49999999999999994,3.7361998700162378,1.5412008727891533,85,B0005
0.00010000000000007822,0.00010000000000000212,2955.7438050024316,0.00010000000000000148,2880.870998530731,-0.49999999999999994,3.7338736340356613,1.5308910958433246,86,B0005
0.00010000071628667761,0.00010000005907191163,1881.5061176591955,0.00010000005907265691,1803.1920026140374,-0.49999999999980266,3.7312319333803017,1.531521730568323,87,B0005
0.00010000000000001288,0.00010000000000058345,1052.9284137439226,0.00010000000000058482,596.4469052230992,-0.49999999999999994,3.73529780449071,1.5256735972942972,88,B0005
0.00010000000000001304,0.00010000000000046442,1085.6082291007694,0.00010000000000046338,1342.3775592590775,-0.49999999999999994,3.733901535994457,1.5205187805525273,89,B0005
0.00010000000009342127,0.00010000000000471852,1066.0807221407513,0.00010000000000471894,1189.2872099203005,-0.4999999999994873,3.7561738231023063,1.6087958948626968,90,B0005
0.00010000000000000002,0.00010000000000000002,4420.61229032721,0.00010000000000000002,2491.420290300107,-0.4999999999999783,3.7434889279042576,1.566831455080926,91,B0005
0.00010000000000001296,0.00010000000000108708,449.5569866640034,0.00010000000000108583,635.0326953294438,-0.49999999999999944,3.739554655967195,1.551078095716847,92,B0005
0.00010000000000001101,0.00010000000000000063,1530.3487688463013,0.00010000000000000059,1590.7215331872928,-0.49999999999999994,3.7402688690403387,1.5353797608257531,93,B0005
0.00010000000000175725,0.00010000000000052751,1144.7476406076626,0.00010000000000052835,1139.0262176071415,-0.49999999999999994,3.7327144648453157,1.5299541313094063,94,B0005
0.0001000000000001766,0.00010000000000003362,2617.9514845217323,0.00010000000000003362,2175.4175508380004,-0.49999999999999994,3.732786627725194,1.5199886634841142,95,B0005
0.00010000131922491947,0.00010000036762623405,1611.838903841722,0.00010000036762528664,1946.072819323552,-0.49999999999974465,3.72974245559705,1.514904842785781,96,B0005
0.00010000000000000556,0.00010000000000012939,784.8063041702696,0.00010000000000013061,956.7103898786285,-0.49999999999999994,3.728855468663044,1.5095787386958601,97,B0005
0.00010000000000000273,0.00010000000000006118,892.361893101251,0.00010000000000006117,642.7423778581799,-0.49999999999999994,3.7257925942889125,1.5045733969712243,98,B0005
0.00010000000000035099,0.00010000000000034116,108.33434137352317,0.0001000000000003421,220.34023752089195,-0.49999999999999994,3.727879111046904,1.4938814272503662,99,B0005
0.00010000000000330209,0.000100000000003694,206.39867343361806,0.0001000000000036849,84.6515509576451,-0.49999999999999994,3.7269037238726535,1.4889119595754439,100,B0005
0.0001000000000029851,0.00010000000000327833,840.8019849097973,0.00010000000000328695,539.9584653329416,-0.49999999999999994,3.7244840652527134,1.4834122663718425,101,B0005
0.00010000000001072085,0.0001000000000115691,118.11705533013188,0.00010000000001156318,300.7996865142957,-0.49999999999999994,3.7226924140896536,1.4782182274018598,102,B0005
0.00010000000000000221,0.00010000000000002814,724.467869000491,0.00010000000000002814,130.58796908309813,-0.49999999999999994,3.7187206045092007,1.4889239809323591,103,B0005
0.00010000000000109388,0.00010000000000004252,173.0678059897347,0.00010000000000004148,335.0109900500964,-0.4999999999988202,3.7279744404581976,1.4991132128309856,104,B0005
0.00010000000000000152,0.0001000000000000192,851.4832004208432,0.00010000000000002035,704.535864664844,-0.49999999999999994,3.721265387199099,1.483824238543768,105,B0005
0.00010000000009287329,0.00010000000009443122,7.5757544254212235,0.0001000000000944221,716.7699255761672,-0.49999999999999994,3.7204888459437737,1.4727430412462985,106,B0005
0.00010000000016792526,0.00010000000016746865,262.04844024878645,0.00010000000016747212,15.318028252654898,-0.49999999999999994,3.713319654496239,1.456956044963203,107,B0005
0.00010000006867520802,0.00010000015179012544,400.2679772283998,0.0001000001517898847,18.476302824153905,-0.499999999999918,3.71697892939009,1.4571868502511607,108,B0005
0.00010000059164061332,0.00010000049354959576,193.56139916123396,0.00010000049354885113,210.19996611643646,-0.4999999999996292,3.713504101507987,1.4580552188409053,109,B0005
0.00010000000000010861,0.00010000000000050154,61.73821728918914,0.00010000000000050157,93.33983764618903,-0.4999999999999976,3.713059686781277,1.4520907951287794,110,B0005
0.00010000000101989962,0.0001000000126467704,1829.039443690238,0.00010000001264672039,1516.4405371547352,-0.499999999999738,3.7139005022527667,1.4416736828017829,111,B0005
0.00010000000000004497,0.0001000000000419427,187.07263388031225,0.00010000000004193108,15.21878831973889,-0.49999999999355005,3.711232331082867,1.4364866182882816,112,B0005
0.00010000000000001353,0.0001000000000000692,81.74152684558776,0.00010000000000007036,2462.7131107298856,-0.49999999999999994,3.7083846665079516,1.4364290083124147,113,B0005
0.00010000000000001207,0.00010000000000045878,1116.4024201244376,0.00010000000000047066,1559.854329441113,-0.49999999999999994,3.7108654550946962,1.4310738951484199,114,B0005
0.0001000000000000005,0.00010000000000006537,182.23555152756262,0.00010000000000006113,115.6224952313105,-0.49999999999999994,3.708918881955102,1.4259360392023823,115,B0005
0.00010000000000000013,0.00010000000000003015,109.09745300435655,0.00010000000000003299,550.4156136737863,-0.49999999999999994,3.7051067218085785,1.4204462949217047,116,B0005
0.00010000000000000025,0.00010000000000001779,10.675679378606418,0.00010000000000001937,140.25639458270183,-0.49999999999999994,3.702168623802694,1.4154703570244973,117,B0005
0.00010000000000000005,0.00010000000000073078,181.1276538789048,0.00010000000000073027,104.65686889202867,-0.49999999994332334,3.7006278906614063,1.415633114911345,118,B0005
0.00010000000000705625,0.00010000000016282657,4715.184736790808,0.00010000000016282641,4543.460197770107,-0.49999999999989103,3.7051258869684016,1.4106769846884795,119,B0005
0.00010000000002109924,0.00010000000075464429,385.91760103501997,0.0001000000007546456,99.74089213799242,-0.49999999999995925,3.7066086322230873,1.4364461665584916,120,B0005
0.00010000000000056966,0.00010000000000051522,145.2962746748876,0.00010000000000051522,62.659563856848905,-0.49999999999999994,3.7112541741287135,1.4412952152996088,121,B0005
0.00010000000000004225,0.00010000000000410166,29.64305926003331,0.00010000000000410408,701.6170521682031,-0.49999999999999994,3.7078504881977676,1.4203868619139048,122,B0005
0.0001000000000021775,0.00010000000005054802,3983.393354217971,0.00010000000005054748,3610.0902811657397,-0.4999999999999901,3.704633647636092,1.4100106812271782,123,B0005
0.00010000000000028645,0.00010000000000331235,3375.602858667549,0.00010000000000331105,3737.856487032559,-0.49999999999999967,3.7008046729349346,1.4042264479658144,124,B0005
0.00010000000656858228,0.0001000000124699899,230.85008315998107,0.00010000001246997409,753.7783892552472,-0.4999999999999028,3.69908374868321,1.3997633708258226,125,B0005
0.00010000000000000021,0.00010000000000000038,5188.078296443739,0.00010000000000000037,4738.4768402567715,-0.49999999999999994,3.6964710882418483,1.3943184563002686,126,B0005
0.00010000000000000002,0.00010000000000003882,176.49934011029853,0.00010000000000003902,793.578987086135,-0.49999999999999994,3.694591415219481,1.3892308948254257,127,B0005
0.00010000000000000002,0.00010000000000000068,693.2053579487483,0.00010000000000000068,196.09587530497154,-0.49999999999999994,3.6936296125916908,1.3834518450369386,128,B0005
0.00010000000000144775,0.00010000000003258122,1115.8374992950155,0.00010000000003258101,1317.2662281799223,-0.4999999999999998,3.693338908049053,1.3782684269540966,129,B0005
0.00010000000000016184,0.00010000000000497815,2773.8147243107765,0.00010000000000497544,3528.241054459913,-0.49999999999998185,3.689261279191097,1.373532309561438,130,B0005
0.0001000000000000043,0.0001000000000000353,3032.725587477241,0.00010000000000003393,2881.640451243876,-0.4999999999999997,3.687529766303304,1.3735327311597758,131,B0005
0.00010000000000046805,0.00010000000006256282,1197.5228394394655,0.00010000000006256281,1471.67786349424,-0.4999999999999721,3.687375203228925,1.3677444433780945,132,B0005
0.00010000000006230576,0.00010000000011705249,592.0722434376146,0.000100000000117005,190.8009209415178,-0.4999999999999999,3.6922739395547195,1.3784217886487131,133,B0005
0.00010000000121889166,0.00010000000597684594,234.65929029059205,0.00010000000597685289,40.953910092115024,-0.4999999999999955,3.6993900337673096,1.3891126932848779,134,B0005
0.00010000000000000537,0.00010000000000052098,564.1860824033023,0.00010000000000052077,2728.362057552153,-0.49999999999999994,3.6953397138190596,1.372876297695541,135,B0005
0.00010000000000035848,0.00010000000000161064,468.207405136469,0.00010000000000161029,371.2663323665597,-0.49999999999999994,3.6875974441196733,1.3677722711372509,136,B0005
0.00010000000000000018,0.00010000000057860179,2037.0734023148443,0.00010000000057859649,2104.4447953380013,-0.4999999999999362,3.6891625894035647,1.3573487873323848,137,B0005
0.000100000000002032,0.0001000000000220949,552.7958651911167,0.00010000000002207418,47.814653762856295,-0.49999999999999983,3.688299900475107,1.357685765765992,138,B0005
0.00010000000000000734,0.00010000000000048062,3124.142578896089,0.00010000000000048081,3508.298547183199,-0.4999999999999999,3.6860646585647308,1.357732911221085,139,B0005
0.00010000000004174373,0.00010000000044619395,288.486586483743,0.0001000000004461677,238.70380695026387,-0.4999999999999951,3.683777957229512,1.352344754446474,140,B0005
0.00010000000048242934,0.00010000000003118814,240.39737273134597,0.00010000000003118399,108.97141006829321,-0.4999999998961325,3.679913720900852,1.3472182818356904,141,B0005
0.00010000000000022606,0.00010000000002178272,1775.2551617401166,0.00010000000002178394,1060.512302276425,-0.49999999999999817,3.678912794140219,1.3420552182990924,142,B0005
0.00010000000000000042,0.00010000000000266699,917.0150140906333,0.00010000000000266697,1097.5902084966388,-0.4999999999999792,3.6797011663550236,1.3419240651791107,143,B0005
0.0001000000000000113,0.00010000000000025508,677.2660823666323,0.00010000000000025504,692.197291187131,-0.49999999999999994,3.6810734164222163,1.3370216786823095,144,B0005
0.00010000000000000251,0.00010000000000002855,448.5726049768915,0.00010000000000002815,661.8116015085347,-0.49999999999999994,3.6776610981611424,1.3316773779036628,145,B0005
0.00010000000000000071,0.0001000000000032198,758.8822535617257,0.0001000000000032197,1037.3965321297273,-0.4999999999999995,3.6759926248165598,1.3262466603920797,146,B0005
0.0001000000000000036,0.00010000000001183075,328.4287174130565,0.00010000000001182918,799.3997207129013,-0.4999999999999998,3.6770688530269733,1.3212629409075132,147,B0005
0.00010000000000000727,0.00010000000001724897,1188.3686387301825,0.00010000000001724875,727.8614418212607,-0.4999999999999998,3.678279846821497,1.3215880284336623,148,B0005
0.0001000000000000001,0.00010000000000000545,3254.856079322126,0.00010000000000000555,2901.259185416264,-0.49999999999999994,3.674097926284172,1.3213681842595952,149,B0005
0.0001000000000015688,0.0001000000000208502,1603.0204433640597,0.00010000000002084889,788.1088776185281,-0.4999999999999998,3.6722258674887507,1.3269146528010929,150,B0005
0.0001000000000000109,0.00010000000000031272,2391.897577447082,0.00010000000000031021,2985.358054471254,-0.49999999999999994,3.6843926390289314,1.363124549025367,151,B0005
0.00010000000000000383,0.00010000000000058325,463.9288089931212,0.00010000000000058252,168.20574975271188,-0.49999999999999994,3.6817032153233433,1.3426278162092735,152,B0005
0.00010000000000000984,0.00010000000000009651,327.7220129503064,0.00010000000000009551,104.1784088993341,-0.49999999999999994,3.6807048268453957,1.3320815777870085,153,B0005
0.00010000000000004023,0.00010000000000042871,1132.786965704973,0.00010000000000042958,697.8377536826142,-0.49999999999999994,3.6793019016245334,1.3267441995876106,154,B0005
0.00010000000000011008,0.00010000000030789176,2614.5061057771377,0.00010000000030789118,2631.2218113474432,-0.4999999999998836,3.6762348536136655,1.3216985608757792,155,B0005
0.0001000000000000128,0.00010000000002905494,456.02939188075425,0.00010000000002905234,1175.9200155662174,-0.49999999999999967,3.6767101489282483,1.3165198443400021,156,B0005
0.0001000000000000004,0.00010000000000203459,726.0862192707312,0.00010000000000203473,696.0108876430763,-0.4999999999999996,3.6728264916845745,1.3162512877272114,157,B0005
0.00010000000000002773,0.00010000000007920424,1055.6460746604741,0.00010000000007920454,874.3462236413168,-0.49999999999999933,3.672979571409558,1.3108844379428561,158,B0005
0.00010000000000000034,0.00010000000000100029,190.26917803938744,0.00010000000000100029,981.8686264961668,-0.49999999999999994,3.673094631676603,1.3061443711032885,159,B0005
0.00010000000000005384,0.00010000000017078535,823.3886788255163,0.00010000000017078541,986.3393377212699,-0.4999999999999989,3.6704677581232197,1.3064088271479646,160,B0005
0.00010000000000000002,0.00010000000000000944,1695.0854037255845,0.00010000000000000937,2265.1067455121656,-0.49999999999999994,3.6666665439219464,1.3064910023219722,161,B0005
0.00010000000000002266,0.00010000000006828756,806.2212765788571,0.000100000000068287,1274.2314767605174,-0.4999999999999994,3.6694372291141866,1.3009743020280475,162,B0005
0.0001000000000000002,0.00010000000011619375,1214.0533097593054,0.00010000000011619445,1331.5611752744285,-0.49999999999995925,3.6656339468697774,1.301230579326312,163,B0005
0.00010000000000001249,0.00010000000003952152,245.64188624139126,0.00010000000003952061,876.5482416316688,-0.49999999999999956,3.6673771522749576,1.2965961647852116,164,B0005
0.00010000000000000002,0.00010000000000000064,2453.007363935523,0.00010000000000000036,1911.6782475002735,-0.49999999999999994,3.669211711087549,1.2911109919997852,165,B0005
0.00010000000000000002,0.00010000000000001844,2758.819072642219,0.00010000000000001859,2757.0689820407074,-0.49999999999999994,3.667431930996493,1.290517698532031,166,B0005
0.00010000000008488471,0.00010000000094475411,13.490727752811011,0.0001000000009447514,72.23616120466332,-0.49999999999998296,3.6731652248166604,1.3120709197993343,167,B0005
0.00010000000000504054,0.00010000000006299868,1503.7517254338059,0.00010000000006299839,1662.586614802362,-0.4999999999999885,3.679267949115941,1.328141194467203,168,B0005
0.00010000000000056005,0.00010000000002171546,3181.1377654791827,0.00010000000002176347,3678.3949314094284,-0.4999999999811915,3.800708926982174,2.0519781081265385,1,B0006
0.00010000000007387232,0.00010000000034833547,2603.5364261016034,0.00010000000034834141,2322.842577484159,-0.4999999999902762,3.8040308083923478,2.0418712670544346,2,B0006
0.00010000000000023698,0.00010000000000118916,3058.6391056957164,0.00010000000000118649,3425.9811437193875,-0.49999999999436295,3.80799815531926,2.0300171043084827,3,B0006
0.00010000000000009124,0.00010000000000033975,2990.6545544992437,0.00010000000000034021,3178.243968043874,-0.49999999999788824,3.80872576423358,2.018580085948515,4,B0006
0.00010000000107529234,0.00010000000022386073,2630.870032161351,0.00010000000022402653,2321.5439624150567,-0.49999999999857,3.8037791558231704,2.017221851016285,5,B0006
0.0001000000000006167,0.00010000000001603357,3144.3457791511914,0.0001000000000159129,3541.1420889332726,-0.49999999998235634,3.8147776931972035,2.0305663446591478,6,B0006
0.00010000000057289077,0.00010000000026468459,2315.1354247752156,0.00010000000026477326,2735.472172779896,-0.4999999999996435,3.8122634016479275,2.029737048901392,7,B0006
0.00010000000005900151,0.00010000000109037102,2710.0179859758323,0.00010000000109041669,2666.0957772665174,-0.4999999999948273,3.804285234214929,1.98541870506306,8,B0006
0.00010000000000067628,0.00010000000002860421,3458.1091125720613,0.00010000000002726174,3058.932912826651,-0.4999999999752207,3.8040021916683657,1.973423880817501,9,B0006
0.00010000000008816219,0.00010000000025679371,261.77762192315936,0.00010000000025678968,209.35238352539398,-0.4999999999997157,3.7981188735416533,1.973788625957033,10,B0006
0.00010000000000000002,0.00010000000000000002,2636.2340586864048,0.00010000000000000002,1931.3158260654973,-0.49999999999999994,3.8001220699942535,1.9621285330511888,11,B0006
0.00010000000008498657,0.00010000000292052949,2926.807356589835,0.00010000000292061811,2767.8754967621435,-0.4999999999964582,3.79956932016587,1.9400247117914988,12,B0006
0.00010000000000000002,0.00010000000000000002,3586.612478504362,0.00010000000000000002,3941.75066421671,-0.49999999992695215,3.798779921358925,1.9285530775165485,13,B0006
0.00010000000028820032,0.00010000000018688956,2358.3601583216773,0.00010000000018692862,2167.9904345370614,-0.4999999999997086,3.795418368634092,1.9284185709185577,14,B0006
0.00010000000000000059,0.00010000000000000002,2914.372773987895,0.00010000000000000002,3160.408825391973,-0.49999999999176087,3.789505209736095,1.9175899796298985,15,B0006
0.00010000000105244061,0.00010000000178031913,166.7475621133279,0.00010000000178026446,21.257054534578195,-0.49999999996448174,3.7847936488106977,1.9057382341713198,16,B0006
0.00010000000000798194,0.0001000000000076013,2702.1591476110775,0.0001000000000076048,2308.2332354982664,-0.4999999999998822,3.7885123792939943,1.8947189407468175,17,B0006
0.00010000000003130493,0.00010000000008680638,280.0401703182737,0.00010000000008680721,87.51087662042032,-0.4999999999978445,3.783627979863915,1.8840273120718374,18,B0006
0.00010000070135652859,0.00010000025251088964,1045.7764151932527,0.00010000025251500941,323.99243280838243,-0.49999999999983497,3.782444305843109,1.8728747383868773,19,B0006
0.00010000000000000002,0.00010000000000000002,3877.192055093075,0.00010000000000000002,3711.2475300477763,-0.49999999999984074,3.8032324756179117,1.9962155239766788,20,B0006
0.00010000000000046598,0.00010000000001897089,3526.244325399996,0.00010000000001893936,3538.868899122097,-0.499999999984079,3.80559944133492,1.9742290079405647,21,B0006
0.00010000001406262493,0.00010000000649105427,2767.7619908006445,0.00010000000649048459,2431.0249318422657,-0.49999999997992534,3.8002141635563422,1.9623767500160618,22,B0006
0.00010000000001587625,0.0001000000001727434,2623.6593832314447,0.00010000000017277437,2586.93578162427,-0.4999999999974591,3.7977496018181642,1.9408946892884764,23,B0006
0.00010000000002203479,0.00010000000030283865,2391.3399344622994,0.00010000000030284989,2653.556676899694,-0.4999999999976694,3.8031834701639236,1.9512435907473284,24,B0006
0.00010000000000000002,0.00010000000000000002,3226.8677175473645,0.00010000000000000002,3862.2355416714763,-0.49999999999999994,3.793612646055395,1.9066881682896264,25,B0006
0.00010000000000000003,0.00010000000000000002,2666.1007613652864,0.00010000000000000002,2389.2148904828014,-0.4999999999977577,3.7796056864607674,1.8951667503040188,26,B0006
0.0001000009312697999,0.00010000019609094824,698.6650666286382,0.00010000019608357293,357.0602068484194,-0.49999999999987677,3.781817775235724,1.884794846926784,27,B0006
0.010338242760455758,0.00010017088922389227,359.43965322821134,0.00010017093517992345,0.10001433846491636,-0.49999999999999994,3.755879422947957,1.8724117016983173,28,B0006
0.04343788233032723,0.00010000000001046392,4146.456595705078,0.00010000000001033274,3420.379180199776,-0.49999999999999994,3.687254564549764,1.8505312325915884,29,B0006
0.00010000000000000074,0.00010000000000000002,1366.4077509833207,0.00010000000000000002,1731.397283969166,-0.49999999993082844,3.7787113744767797,1.8737175764352936,30,B0006
0.00010000000000000002,0.00010000000000000002,2592.022864003591,0.00010000000000000002,2244.4702087886913,-0.49999999999999994,3.7899338366543325,1.9331123813313034,31,B0006
0.008767906796727376,0.00010118760871857975,1803.6728298061187,0.00010118769559882227,3302.4696012559025,-0.49999999999999994,3.7667414623534525,1.8904733756132894,32,B0006
0.06954265968770497,0.00010000000000025315,536.2015215803989,0.00010000000000023537,200.28854503170788,-0.49999999999999994,3.6368988501862742,1.868829450064171,33,B0006
0.08763058247177014,0.00010000000846675131,106.71566550857628,0.00010000000846661039,165.73421898368272,-0.49999999999999994,3.5945630293404647,1.8527708238517413,34,B0006
0.10195733984659995,0.00010000000051543531,718.5592018061877,0.00010000000079754954,49.83819828457668,-0.49999999999999084,3.5576658610916243,1.8320230283744268,35,B0006
0.10210521204806981,0.00010000000012623387,85.66606598372144,0.00010000000012625734,24.64716334241623,-0.49999999999999994,3.5582280793636007,1.8270383247979014,36,B0006
0.09364987295101632,0.00010000000000000002,50.33963436071045,0.00010000000000000002,134.256825785059,-0.4999999999997759,3.569802807294874,1.810645342960527,37,B0006
0.09340891648973,0.00010000000000000127,247.13943100621003,0.00010000000000000128,35.38224762638939,-0.49999999999999895,3.5637037122009594,1.7945504955319482,38,B0006
0.08736721319378735,0.00010000000000000196,78.53629830112888,0.00010000000000000196,19.79350873928848,-0.4999999999999703,3.571335929829598,1.7846019821641796,39,B0006
0.08001918280785547,0.00010000000000211886,633.0955582788063,0.00010000000000214961,1291.7954831576058,-0.49999999999999994,3.5841061507100744,1.7738621765827405,40,B0006
0.07229426063078116,0.00010000000259556014,661.1447006144931,0.00010000000262301103,4210.582176505595,-0.499999999999998,3.5997516127160574,1.7637145573048336,41,B0006
0.0746511817508641,0.00010000000109225939,3740.559842339624,0.00010000000114995108,3417.8364572077926,-0.4999999999999991,3.59042789273867,1.7528820236510314,42,B0006
0.04454392515015628,0.00010000013619988727,506.6103796981148,0.00010000013964268361,375.4782831984773,-0.49999999999995776,3.646004898230789,1.7709771149829616,43,B0006
0.07497594865351145,0.00010000000000005548,458.9624476609117,0.00010000000000005543,71.87878329357179,-0.4999999999996774,3.5943360929200487,1.7794744081559895,44,B0006
0.05934239110607766,0.00010000001192669568,116.25438661204963,0.00010000001186336,135.541149758156,-0.49999999999992256,3.6142641401266253,1.7471974072113323,45,B0006
0.05067608716582731,0.00010000183603981467,1109.6916974332344,0.00010000183602924026,794.676082071797,-0.4999999999999878,3.6252029281920883,1.7267233568721623,46,B0006
0.046113808393672774,0.00010000000774576356,702.5355150501262,0.00010000000311695897,88.21527479196817,-0.49999999999999983,3.6297861310441037,1.7157899192601993,47,B0006
0.04825560694072656,0.00010000000035796022,471.9224483817418,0.00010000000035792474,473.52355508671934,-0.49999999999999994,3.6679048514720693,1.8371408002122693,48,B0006
0.09377529221832608,0.00010000000000032055,1409.548337983477,0.0001000000000003171,14.80147470385684,-0.49999999999998557,3.573068543252258,1.8217143211399838,49,B0006
0.0939857444790552,0.0001000000000017215,288.4295382657366,0.00010000000000172107,12.913553783425751,-0.49999999999999994,3.5608030554080985,1.7892919243424719,50,B0006
0.08836530738516567,0.00010001828979320032,284.85824793104877,0.00010001829043462201,472.9262922719939,-0.49999999999999994,3.560443372095891,1.7581023234773705,51,B0006
0.06460345031551368,0.00010000000000000029,1355.6491704911316,0.00010000000000000852,3661.742883125419,-0.49999999999999994,3.604101004562026,1.7426098653438638,52,B0006
0.05791790779223505,0.00010000000009231849,683.1027462612624,0.00010000000006833603,183.7661500292573,-0.49999999999999994,3.6107631810192053,1.7215121961154376,53,B0006
0.05445539169750647,0.00010015712761807152,312.6115417029555,0.00010015712739388033,9.741875303751623,-0.4999999999998283,3.614168376259093,1.7109769242799555,54,B0006
0.04091961267834516,0.00010000000247137937,627.7359167472251,0.00010000000301373406,286.8315495737903,-0.49999999999999983,3.635014613399652,1.6955440841326477,55,B0006
0.035170793295129364,0.00010000000001201878,142.36791495102628,0.00010000000001100925,228.7423895184744,-0.49999999999999994,3.640992956126257,1.6849097756514386,56,B0006
0.035021270571556774,0.0001003081638573553,90.57278078659343,0.00010030816320836146,0.10000069350042828,-0.49999999999998473,3.634346910950674,1.6742345320793135,57,B0006
0.03247363178022424,0.00048271056781971954,36.858733211117595,0.000481235528652387,36.46247963263097,-0.4999999999999819,3.633280972462516,1.6646951820722304,58,B0006
0.023337011887622786,0.0001000000388257652,10.758518111480555,0.00010000001566808759,67.95904115651366,-0.4999999999999997,3.652061905553802,1.6536049161971593,59,B0006
0.00013254078609398326,0.00672774292645895,49.925100162557946,0.010002348324967074,51.85094978624013,-0.49999999999999994,3.6595758200070585,1.6426682094040856,60,B0006
0.0031363857872455333,0.00011710515099278698,0.10000725197038207,0.0001171053558282879,41.934603419150356,-0.4999999999999821,3.6806867283789644,1.6223784982202503,61,B0006
0.006197329416303934,0.00010000000031685565,510.5797502579011,0.00010000000061618743,75.93719367135476,-0.49999999999999994,3.6664082685206796,1.6170492844368283,62,B0006
0.0038816570035444266,0.0001000000000000072,235.8211000373204,0.00010000000000000787,168.58992705631448,-0.49999999999999994,3.670343422147927,1.6124970377323613,63,B0006
0.00010000000000088536,0.00010000000000042204,2211.7791070203943,0.00010000000000042222,2158.1386526028627,-0.49999999999882194,3.673066374665618,1.6011511266668104,64,B0006
0.00010000000000002123,0.00010000000000012141,17.5155356019591,0.00010000000000012141,386.83495102432494,-0.49999999999999534,3.6753878004508485,1.5964385988454879,65,B0006
0.00010000000004442779,0.00010000000002825342,244.4798984325206,0.00010000000002825399,296.3149343409534,-0.49999999999999994,3.6656120430178984,1.5806675167220712,66,B0006
0.00010000000000977272,0.00010000000000740906,482.6210195513327,0.00010000000000742358,805.8874073270557,-0.49999999999999994,3.662560260409108,1.5748688017464514,67,B0006
0.00010000020139057078,0.00010000017721881107,506.2110943875442,0.0001000001772188522,319.77478582950846,-0.4999999999999997,3.6612088710545576,1.5647524037683271,68,B0006
0.0001000004295216325,0.00010000036619326723,484.5306309520064,0.00010000036619325914,65.42225859397477,-0.4999999999999999,3.6563875096797243,1.5595485907537285,69,B0006
0.00010000000000000342,0.00010000000000000667,1780.441219870815,0.0001000000000000065,112.45719095367485,-0.49999999999999994,3.6512004467490957,1.5441878165541127,70,B0006
0.00010000000000287787,0.00010000000004215055,2206.900502918489,0.00010000000004214877,2012.5394448399804,-0.49999999999960015,3.6538313934474815,1.5437305229520755,71,B0006
0.00010000016959306473,0.00010000010754527393,214.29710838895943,0.00010000010754457706,66.61513018269557,-0.4999999999999673,3.6498282344774147,1.538259918891674,72,B0006
0.00010000000001013183,0.00010000000001083892,472.80069645675627,0.00010000000001084418,22.235675106303205,-0.49999999999999994,3.6515091554459307,1.5281442863201555,73,B0006
0.00010000000001879324,0.0001000000000201495,220.58242303679356,0.00010000000002018639,866.1599414979839,-0.49999999999999994,3.6472043490261403,1.5229034733922606,74,B0006
0.0001000000000090791,0.00010000000000984398,251.25402764930502,0.00010000000000984911,320.48592131691686,-0.49999999999999994,3.642639295715328,1.5175794597013001,75,B0006
0.00010000000035870671,0.0001000000015271868,167.56071755843843,0.00010000000152719381,29.866332404706817,-0.49999999999999706,3.642560347546193,1.5070493116358477,76,B0006
0.00010000000000036637,0.00010000000000063262,1212.2005987729333,0.00010000000000062128,42.28458744075283,-0.49999999999999994,3.63666510836401,1.5064330636236287,77,B0006
0.00010000004780673251,0.00010000004908967244,72.70953164814574,0.0001000000490896868,211.3599279685695,-0.4999999999999999,3.6492101205135286,1.5489962508116393,78,B0006
0.00010000000000000038,0.00010000000000000044,22.891625548986156,0.00010000000000000047,47.97849957855493,-0.49999999999999994,3.6411551040783823,1.5176405465356593,79,B0006
0.00010000000000000055,0.00010000000000000223,240.06067774624745,0.00010000000000000224,52.13602981624069,-0.49999999999999994,3.6320882367323097,1.5075371997385068,80,B0006
0.00010000000009300375,0.00010000000000003973,37.14455408119664,0.00010000000000004149,151.701873655876,-0.4999999999993875,3.6351160829424223,1.4918294499390523,81,B0006
0.00010000075863729937,0.00010000054333233879,488.25797827676456,0.00010000054333124303,184.59279369535628,-0.499999999999891,3.6352964037478412,1.4920976377600674,82,B0006
0.00010000000000002135,0.00010000000000002155,312.6600893041077,0.00010000000000002279,639.8229188586856,-0.49999999999999994,3.6357620102577304,1.4868518236483983,83,B0006
0.00010000000000000656,0.00010000000000002174,215.08925311010358,0.00010000000000002109,837.886937370492,-0.49999999999999994,3.630438046643915,1.48110237312027,84,B0006
0.0001000000000000023,0.00010000000000000063,210.4753508716317,0.00010000000000000055,44.081440640268625,-0.49999999999999994,3.62423771228363,1.4705025662927205,85,B0006
0.0001000000000013517,0.00010000000000230011,46.89906422184828,0.0001000000000023072,1017.7136844571754,-0.49999999999999994,3.6218742040441563,1.4655201202685286,86,B0006
0.00010000000000000036,0.00010000000000000002,6663.038020877441,0.00010000000000000002,6554.070124913074,-0.49999999999999895,3.6263062080895407,1.460787451849057,87,B0006
0.0001000000000257368,0.00010000000002507425,257.93855902958813,0.00010000000002507078,156.33310893686576,-0.49999999999999967,3.6249423607703353,1.46055413296155,88,B0006
0.00010000000000097205,0.00010000000000215662,53.65809938106424,0.00010000000000215712,361.32845630105646,-0.49999999999999994,3.6255083827565766,1.4552215207721073,89,B0006
0.00010000000000018467,0.0001000000000034809,123.22084634594265,0.00010000000000348023,137.99520494505813,-0.4999999999999896,3.6627026949113684,1.6071335458191485,90,B0006
0.00010000000044906679,0.00010000000051605427,214.39684405176965,0.00010000000051601193,196.94455245976258,-0.49999999999999994,3.6537587615009426,1.5598473929452676,91,B0006
0.00010000000000000044,0.00010000000000001574,552.1446973004611,0.00010000000000001605,757.6071468974108,-0.49999999999999983,3.6443546073208393,1.528236891165459,92,B0006
0.00010000001247419951,0.00010000002030294747,398.12101207621845,0.00010000002030295207,160.18620603377883,-0.4999999999998658,3.6375815765302386,1.5125006812443114,93,B0006
0.00010000000000749654,0.00010000000001718698,147.09689013555163,0.00010000000001718706,102.52528258586351,-0.49999999999999994,3.635086372401022,1.4966730447316563,94,B0006
0.00010000000000009119,0.00010000000000001468,439.9839596964724,0.00010000000000001399,520.7863733762197,-0.49999999999999994,3.62884198675244,1.486634484351638,95,B0006
0.00010000000000090842,0.00010000000033385776,93.86239335129812,0.00010000000033385877,283.4201256583056,-0.49999999999976813,3.628356004409172,1.476353624168488,96,B0006
0.00010000000000029258,0.00010000000000481263,210.92486785363155,0.0001000000000048135,286.0983663380374,-0.49999999999999967,3.624274504107498,1.470677104477166,97,B0006
0.0001000000000000042,0.00010000000000000815,1540.0616448031162,0.00010000000000000819,634.7878782254091,-0.49999999999999994,3.6221179288848577,1.4604925117278158,98,B0006
0.00010000000001421491,0.00010000000001287163,225.88776862393757,0.00010000000001287187,34.723919119458344,-0.4999999999999998,3.6211731516244168,1.4549852820116473,99,B0006
0.00010000000506265427,0.000100000002010129,115.33030250538724,0.00010000000201011181,119.22108156920038,-0.4999999999999988,3.618748024887103,1.450020392372788,100,B0006
0.00010000000000001924,0.00010000000000001021,2350.7344100594833,0.00010000000000001048,2922.4560468192262,-0.49999999999999994,3.6160701032977163,1.444851906123039,101,B0006
0.00010000000000000005,0.00010000000000000109,764.8618632856418,0.00010000000000000132,129.10654783718172,-0.49999999999999994,3.6174978173727377,1.4340556958224142,102,B0006
0.00010000000746696428,0.00010000003220485974,2470.9240108270656,0.00010000003220484286,2441.429929119791,-0.4999999999994009,3.6155101610776645,1.439531435769052,103,B0006
0.00010000000000020192,0.0001000000000020827,345.6414941135293,0.00010000000000208343,33.100888877911274,-0.4999999999999999,3.6302656058583525,1.4658185968583923,104,B0006
0.0001000000000851173,0.00010000000005543994,239.54595003185304,0.00010000000005543887,154.23456539201482,-0.4999999999999354,3.6231961843123828,1.445169141420849,105,B0006
0.00010000000000000015,0.00010000000000000056,274.27774872435776,0.00010000000000000066,1175.6854425571928,-0.49999999999999994,3.614299103404461,1.43386873923012,106,B0006
0.00010000000000002977,0.00010000000000037713,133.441029812731,0.00010000000000037713,272.01776658137607,-0.49999999999999994,3.6129208895882288,1.423386702744432,107,B0006
0.00010000000000029529,0.0001000000000017597,26.661370757523798,0.00010000000000175996,203.51036270879305,-0.49999999999999994,3.6143690149241,1.4185649545312045,108,B0006
0.00010000000000000274,0.00010000000000062189,191.90761396478104,0.00010000000000062196,46.597431590031846,-0.4999999999999992,3.61582715069875,1.4088410174660173,109,B0006
0.00010000000000000002,0.00010000000000000061,3.690832792994044,0.0001000000000000008,118.89214580709677,-0.49999999999999994,3.6147178972277705,1.4081603597272636,110,B0006
0.00010000000007800427,0.00010000000061960204,461.33227188540695,0.00010000000061961365,778.1657148589914,-0.4999999999999789,3.609131037664429,1.4029487737719257,111,B0006
0.00010000000000000017,0.00010000000000000567,178.80360960298424,0.00010000000000000567,310.88295337400325,-0.49999999999999994,3.606771396049475,1.3975309090226604,112,B0006
0.00010000000000006361,0.00010000000000210165,92.08600191204299,0.00010000000000210162,193.5847010678077,-0.49999999999999994,3.604306355623369,1.392575612277101,113,B0006
0.00010000000000000034,0.0001000000000006388,4012.843945516158,0.00010000000000063806,3433.751200520035,-0.49999999999999994,3.6083038370417633,1.3922890116308093,114,B0006
0.00010000000000000171,0.00010000000000000609,98.95606246965123,0.00010000000000000609,384.515192504677,-0.49999999999999944,3.60646006145734,1.3873540071549118,115,B0006
0.00010000000000012825,0.00010000000000151263,98.76747934720873,0.00010000000000151514,25.091344570667616,-0.49999999999999994,3.6032877050190883,1.381820153936514,116,B0006
0.00010000000000000002,0.00010000000000000024,2203.3713196123394,0.00010000000000000015,2332.6286334729157,-0.49999999999999994,3.600915965793543,1.376966515956483,117,B0006
0.00010000000000001299,0.00010000000009647611,171.09207360104028,0.00010000000009647611,90.14194497534388,-0.4999999999999723,3.605212439317109,1.3717724245843497,118,B0006
0.00010000000000112844,0.00010000000001852018,1060.3442534464386,0.00010000000001850815,1307.6172526184496,-0.49999999999999983,3.603091104653029,1.3722182272420258,119,B0006
0.00010000000000000566,0.00010000000000344926,3238.9061567348713,0.0001000000000034478,3522.170376834533,-0.4999999999999963,3.609168050277134,1.397823025934638,120,B0006
0.00010000000005623497,0.00010000000031873972,1224.1211432809885,0.00010000000031871759,830.3478609986236,-0.49999999999999245,3.6178151382973467,1.4186954287420028,121,B0006
0.00010000000155639425,0.00010000000899037738,55.8343039520514,0.00010000000899037468,48.869617623189015,-0.49999999999995265,3.6079237271436724,1.3975811824988198,122,B0006
0.0001000000124546814,0.0001000001767591774,108.5260937466561,0.00010000017675900785,201.86573316825894,-0.49999999999864403,3.6065034423486493,1.3818832585823015,123,B0006
0.00010000000000000002,0.00010000000000000007,163.12631340834787,0.00010000000000000009,2.7606675595449985,-0.49999999999999994,3.600602544579011,1.3761879415725535,124,B0006
0.00010000000000000033,0.0001000000000020029,3146.2117295366033,0.00010000000000200162,3239.770318800476,-0.4999999999999999,3.603047894373956,1.366177137829802,125,B0006
0.0001000000000000013,0.00010000000000801731,3093.8333627988727,0.0001000000000080182,3927.121900093992,-0.4999999999999977,3.5994582044404386,1.3610157911805718,126,B0006
0.00010000000000000002,0.00010000000000001952,3457.2084361128973,0.00010000000000001968,3128.679691290408,-0.49999999999999994,3.5979923405144714,1.3557976852675777,127,B0006
0.00010000000000000011,0.0001000000000000661,3290.1674473874223,0.00010000000000006674,3930.0855183723575,-0.49999999999999994,3.596904269488067,1.3501111374066346,128,B0006
0.00010000000000000002,0.0001000000000000006,3625.119868923721,0.00010000000000000041,3215.986072653692,-0.49999999999999994,3.5972491165726206,1.339544834193457,129,B0006
0.00010000000000000002,0.00010000000000000877,3317.5932669132485,0.00010000000000000822,2950.3492149939707,-0.49999999999999994,3.5931808241220806,1.340387540884624,130,B0006
0.00010000000000000002,0.00010000000000000041,2812.6524277435938,0.00010000000000000026,3131.9886927218135,-0.49999999999999994,3.596192010407111,1.3348030975400214,131,B0006
0.00010000000000000002,0.00010000000000000105,3832.6681084825573,0.00010000000000000086,2856.5541377452855,-0.49999999999999994,3.596984761395479,1.3292327761391745,132,B0006
0.00010000000000035898,0.00010000000331382559,2646.5759572895963,0.00010000000331380585,3217.6733092890477,-0.49999999999790434,3.599591485343728,1.3345708628231217,133,B0006
0.00010000000000000079,0.00010000000000499804,3443.880597373519,0.00010000000000499731,3795.664118523757,-0.499999999999999,3.6067442577281814,1.3610448744103025,134,B0006
0.00010000000000000002,0.00010000000000000032,3287.84288386634,0.00010000000000000032,2972.1135693323426,-0.49999999999999994,3.605630606116857,1.3396078896034227,135,B0006
0.0001000000000000002,0.00010000000000015872,395.48225021202165,0.00010000000000015873,3218.725667232512,-0.49999999999999994,3.5983579348516326,1.3289378048694334,136,B0006
0.00010000000000000952,0.00010000000009440195,3251.14991280745,0.00010000000009441024,2543.2629706909174,-0.4999999999972602,3.5982791707058888,1.31883568119485,137,B0006
0.0001000000000002519,0.00010000000310001538,2273.986367755578,0.00010000000310000977,2942.8795757107982,-0.49999999999836614,3.5951577230333176,1.3192635374534263,138,B0006
0.0001000000000001044,0.00010000000294065354,1531.35003508319,0.00010000000294066992,2352.829503835801,-0.49999999999830813,3.5993564001229883,1.3139042229125062,139,B0006
0.00010000000000000002,0.00010000000000000025,151.84165962749904,0.00010000000000000028,369.06663580503266,-0.49999999999999994,3.593787866374705,1.3084733983141865,140,B0006
0.00010000000000000002,0.00010000000000045668,200.65519416327095,0.00010000000000045632,468.11397248678077,-0.49999999999999994,3.5925895041858213,1.2981995617977025,141,B0006
0.00010000000000000002,0.00010000000000000674,108.84248717549019,0.00010000000000000731,785.9899455054924,-0.49999999999999994,3.594279981533384,1.2928905327245643,142,B0006
0.00010000000000000002,0.00010000000000000431,806.9605882151039,0.00010000000000000464,38.81172644122255,-0.49999999999999994,3.594532906972023,1.2929192013424249,143,B0006
0.00010000000000000002,0.00010000000000182278,883.3036465038631,0.00010000000000182274,74.22191417171368,-0.49999999999999994,3.594689828669895,1.2877751423356176,144,B0006
0.00010000000000000003,0.00010000000000700631,1059.1772236993365,0.0001000000000070066,1389.7422622781164,-0.4999999999797799,3.593188286588251,1.2773704442070655,145,B0006
0.00010000000000000002,0.00010000000000008953,2865.29013395449,0.00010000000000008879,4285.682204067577,-0.4999999999988414,3.592625641377368,1.2717686320386656,146,B0006
0.00010000000000000002,0.0001000000000000507,272.8727084082248,0.00010000000000005222,286.5529904074641,-0.4999999999999646,3.587134960223902,1.2722526315430935,147,B0006
0.00010000000000000002,0.0001000000000035085,18.70959716446562,0.00010000000000351029,308.2352919557857,-0.4999999999920408,3.5898277357032304,1.2721753164511407,148,B0006
0.00010000000000000002,0.00010000000000069109,2465.584759078146,0.0001000000000006925,774.6897668339644,-0.499999999992441,3.5919572138948914,1.2618205580252864,149,B0006
0.00010000000000000002,0.0001000000000000013,1183.3666550459686,0.00010000000000000114,519.5071126677178,-0.4999999999999801,3.592424660074883,1.2671399171428372,150,B0006
0.00010000000000002554,0.00010000000266188248,2055.2093256865214,0.00010000000266188164,2414.117374424293,-0.4999999999981308,3.6054566349143453,1.3035304518009858,151,B0006
0.00010000000000000002,0.00010000000000019883,179.62617931668007,0.00010000000000019873,136.3143156405929,-0.4999999999992239,3.5990488169575316,1.2772572161212021,152,B0006
0.00010000000000000002,0.00010000000000003516,851.3365913753734,0.00010000000000003528,279.79630028391057,-0.49999999999959505,3.598204066481775,1.261738719071713,153,B0006
0.00010000000000000002,0.00010000000000000063,522.3148079465002,0.00010000000000000024,1954.5456828195524,-0.49999999999999545,3.5952521013825245,1.2510590563861026,154,B0006
0.00010000000000000002,0.00010000000000000864,487.6948216628343,0.00010000000000000946,63.16920588614096,-0.49999999999996353,3.5910223950905236,1.2459617170056256,155,B0006
0.00010000000000007831,0.0001000000000000695,4520.905965751518,0.00010000000000006942,4798.1916816220355,-0.49999999999998196,3.594928937248936,1.2354345105833215,156,B0006
0.00010000000000004222,0.00010000000000003698,4994.8695383251115,0.00010000000000003713,4310.61030027548,-0.49999999999999467,3.591250718235126,1.2300025083804287,157,B0006
0.00010000000000363983,0.00010000001208178699,259.04596704963257,0.00010000001208181686,48.17967188744535,-0.49999999999192474,3.5906168400198704,1.2246031154485177,158,B0006
0.00010000000000000002,0.00010000000000001453,380.08833919094513,0.00010000000000001456,278.53511552121074,-0.49999999999999994,3.5891033415691234,1.219827021661056,159,B0006
0.00010000000000006309,0.00010000000094524293,61.347350325065165,0.00010000000094521155,2056.04165435369,-0.4999999999861056,3.5918000351836916,1.2095179373734568,160,B0006
0.00010000000000000002,0.00010000000000000105,4667.8509495473645,0.00010000000000000114,4391.302316505782,-0.49999999999999994,3.5916599433384384,1.2041987872151725,161,B0006
0.00010000000000000006,0.00010000000000082907,4853.912646743957,0.00010000000000082844,4674.1743909165625,-0.49999999999999833,3.592295137496754,1.1985772156080399,162,B0006
0.00010000000000000018,0.00010000000000241344,4608.5401294831045,0.00010000000000241386,5290.604012110149,-0.4999999999999959,3.5900437887684884,1.193591876891355,163,B0006
0.00010000000000000005,0.00010000000000298251,639.8328085931781,0.00010000000000298244,667.4744630111791,-0.4906119552634226,3.5875705392003923,1.1728232268198056,164,B0006
0.00010000000000000002,0.00010000000000002355,834.597085112789,0.00010000000000002372,1324.5390751652662,-0.49999999999999983,3.5930428968187265,1.1782421199348374,165,B0006
0.00010000000000000002,0.0001000000000000198,1415.8031410231433,0.00010000000000002008,767.6390884513148,-0.49999999999999994,3.5884901202650004,1.1778149278647863,166,B0006
0.00010000000000000066,0.00010000000001060377,1010.4135311804832,0.00010000000001060406,1031.5664216553464,-0.4999999646893759,3.5974047474139863,1.194046422599188,167,B0006
0.00010000000000002754,0.00010000000008675672,268.6802966089029,0.00010000000008675529,560.2498297967393,-0.4999999993104245,3.6025651280478725,1.2047564083901485,168,B0006
0.10022692212222509,0.00010008764797579474,1590.1323153541298,0.00010008763907936935,2085.6318894243823,-0.49999999999998657,3.592137584029909,1.9186612347965897,1,B0007
0.09710722636451043,0.0010446481197179235,1690.664398864771,0.0012171396578492337,1589.7250472857907,-0.49999999999999994,3.6028302038050555,1.9082801130768918,2,B0007
0.10162437618037448,0.0001000000000009673,1735.0854570470956,0.00010000000000096183,1550.1864527495904,-0.49999999999999994,3.5984973187842906,1.908267521610272,3,B0007
0.10452495978111354,0.00010000000002839834,1280.3555766935165,0.00010000000002648128,1681.1547151095656,-0.49999999999999994,3.591343574347992,1.9084428630045558,4,B0007
0.10418785135824703,0.00010051406580584703,3087.7477012095833,0.00010051406425484992,2398.5841343520297,-0.49999999999990946,3.5914855556092378,1.9069554219021398,5,B0007
0.08562240259828399,0.00010000000131872579,2847.0774186801473,0.00010000000185401967,3236.5429195746224,-0.4999999999999993,3.6360147879042715,1.8972443773358243,6,B0007
0.08972057486792555,0.00010000022250304547,657.177474713341,0.000100000222495841,61.101698893417144,-0.49999999999999994,3.6282607254578205,1.896390765280511,7,B0007
0.08551771516847345,0.00010000000100074467,2434.2805396626345,0.00010000000099750035,2282.5048793446813,-0.4999999999999996,3.6363038066047775,1.8979314244807088,8,B0007
0.08086782845070027,0.0007082837013198381,2827.620150878225,0.0007276974264742217,2563.8277068768966,-0.49999999999967254,3.6413807715720306,1.8970436571099056,9,B0007
0.08413956160459914,0.0008470188243247332,2691.5302007785076,0.0008222225164461427,2773.391201066495,-0.4999999999999643,3.6325420253570697,1.8976295831686505,10,B0007
0.07809306314281043,0.0001000000005312474,1134.6500198936783,0.00010000000052011919,2641.7178163481963,-0.49999999999999994,3.6452058791255952,1.8974805126913896,11,B0007
0.05083552727009967,0.00010074841218551492,3383.2411521946215,0.00010074908729649788,3762.3497817716952,-0.49999999999999994,3.702153103521145,1.887123268405786,12,B0007
0.018769671226476794,0.000904685284779452,2056.41647397211,0.0006155268586733912,3037.886728826316,-0.49999999999999994,3.764574473570445,1.88660132345246,13,B0007
0.02513392165008428,0.00010000000091880814,4262.546948109432,0.00010000000095310591,1620.6907007315556,-0.49999999999999994,3.750477717890129,1.8863674119855063,14,B0007
0.007090035620245127,0.00010609534799224736,0.10266961719707979,0.00010609515550843615,3425.1856523809147,-0.49999999999999994,3.792752346695202,1.8756792253711447,15,B0007
0.00010000000000000002,0.00010000000000000002,2096.958614363181,0.00010000000000000002,2529.9762760823187,-0.49999999999999994,3.805626779300487,1.8750728780895285,16,B0007
0.00010000000001011474,0.00010000000000115693,3306.963002763778,0.0001000000000011591,2959.212340147679,-0.4999999999999672,3.8048878708988347,1.875198188564024,17,B0007
0.00010000000000000002,0.00010000000000000002,3040.800428954716,0.00010000000000000002,2892.483355803867,-0.4999999999994615,3.8101205257192516,1.864815711373332,18,B0007
0.00010000000011533043,0.00010000000031441484,169.37306621716257,0.0001000000003142706,251.07807965354502,-0.4999999998536847,3.807512124666629,1.864705016338037,19,B0007
0.10699916512695337,0.00010000000014599756,3388.4346016220006,0.00010000000009481499,2315.327665012231,-0.49999999999999994,3.5935681578480714,1.9083939022532823,20,B0007
0.09451934873119187,0.0001000000023795548,2515.037557439187,0.00010000000146493648,2792.581025062045,-0.49999999999999994,3.6197034015895158,1.9089794501918556,21,B0007
0.07128659459037845,0.0008087646205182711,2506.767088859093,0.0008340217887507455,2437.4033202818678,-0.49999999999999994,3.667123588159536,1.8974403112376845,22,B0007
0.03016781592894352,0.00010000000435206358,957.9969874617489,0.00010000000471096589,2567.2687598574685,-0.49999999999999994,3.7454413479333524,1.8985200955608652,23,B0007
0.06521657509577139,0.00010000000000000005,73.87857806449188,0.0001000000000000014,2546.5599963960753,-0.49999999999999994,3.671954736718203,1.8976323885515503,24,B0007
0.00010000000191888965,0.00010000000319799623,282.904764488697,0.00010000000319796986,78.27650247502766,-0.49999999996954925,3.811080663183848,1.8870707584027338,25,B0007
0.0001000000000028606,0.00010000000000037536,3272.4778426504995,0.00010000000000000194,3594.1685445238454,-0.4999999999707082,3.8059541438862245,1.8870551979880443,26,B0007
0.000100000000000642,0.00010000000004442226,2956.4726968026994,0.00010000000004442165,2369.834334774152,-0.49999999998974687,3.810255236599855,1.8764127174148584,27,B0007
0.00010000000004383454,0.00010000000012725363,140.61555124670033,0.00010000000012727427,418.96225340602257,-0.4999999999282368,3.8068074127944875,1.8755289052835749,28,B0007
0.00010000000001296583,0.0001000000000019615,3198.693454124348,0.00010000000000195044,2811.624921108309,-0.4999999999999635,3.803490138725707,1.8756893951171232,29,B0007
0.00010000000461006479,0.00010000000660165583,64.62858393388927,0.00010000000660221056,146.0018705768895,-0.4999999999367623,3.806622733118767,1.8655530857545863,30,B0007
0.02261920101332841,0.00010000000002999158,4093.11570059897,0.0001000000000293147,1227.734769742956,-0.49999999999999994,3.7680828747319226,1.9022770193471765,31,B0007
0.00010000000000002479,0.00010000000000000377,1895.422287905512,0.00010000000000000379,1970.4296428133594,-0.49999999981248416,3.81319051556286,1.8817951544736429,32,B0007
0.00010000000000000002,0.00010000000000000002,2249.2053191145,0.00010000000000000002,1876.7953414479769,-0.49999999999999994,3.8111156079113586,1.8711644361038497,33,B0007
0.00010000000000000002,0.00010000000000000002,2711.5815539457462,0.00010000000000000002,2493.845397413208,-0.49999999999999994,3.805909997431825,1.8659591687226307,34,B0007
0.00010000000000000002,0.00010000000000000002,2976.596373613357,0.00010000000000000002,1751.6588422760015,-0.4999999999997221,3.805677918322741,1.8559196087532452,35,B0007
0.00010000000000000002,0.00010000000000000002,2596.9854988046363,0.00010000000000000002,2466.2705679887604,-0.49999999999334654,3.8058338721798854,1.8561793768682644,36,B0007
0.00010000000000000013,0.00010000000000000002,1949.3715373678394,0.00010000000000000002,2233.0145688216953,-0.4999999998445824,3.801858352459319,1.8506701108607375,37,B0007
0.00010000000000000002,0.00010000000000000002,2295.0281177253937,0.00010000000000000002,1894.2353589487718,-0.49999999999999994,3.802767178254003,1.840123563215555,38,B0007
0.00010000000000000002,0.00010000000000000002,1850.0713621877687,0.00010000000000000002,1801.788155885016,-0.49999999999666533,3.799268050532186,1.83548519455633,39,B0007
0.00010000000000000002,0.00010000000000000002,2051.2016919990847,0.00010000000000000002,2030.1849578337324,-0.49999999999999994,3.8000756866092,1.8303360321878475,40,B0007
0.00010000000000000009,0.00010000000000000002,2007.038158617688,0.00010000000000000002,2614.7552628949175,-0.4999999999171043,3.799932805834673,1.8305705858248216,41,B0007
0.00010000000000000007,0.00010000000000000002,1981.3611043942753,0.00010000000000000002,2264.0673755818043,-0.4999999999293927,3.799740611520293,1.8249715131228217,42,B0007
0.00010000000000000002,0.00010000000000000002,3528.5822253439246,0.00010000000000000002,3774.189172432803,-0.49999999991473987,3.797074788469785,1.8294399227099367,43,B0007
0.00010000000000000002,0.00010000000000000002,2840.7793124041136,0.00010000000000000002,2540.215977349184,-0.4999999999961651,3.7968325663287383,1.825098489521635,44,B0007
0.00010000000000000002,0.00010000000000000002,2430.3046633430354,0.00010000000000000002,3308.255860006312,-0.49999999999999994,3.7916063707972185,1.8146291124180662,45,B0007
0.00010000000000000002,0.00010000000000000002,1762.131485792331,0.00010000000000000002,2197.9842960740584,-0.4999999999886523,3.7919614603663327,1.8047077810650924,46,B0007
0.00010000000000000002,0.00010000000000000002,1976.2530275065462,0.00010000000000000002,2425.6713921635564,-0.499999999998656,3.789015876597304,1.7990996758849915,47,B0007
0.00010000000000000003,0.00010000000000000002,2554.651375667148,0.00010000000000000002,1545.5619807731741,-0.4999999999831518,3.806601964700224,1.8340789938432065,48,B0007
0.00010000000000001017,0.00010000000000000204,1864.6680764626249,0.00010000000000000204,1390.2046562832588,-0.4999999999351501,3.808671320811081,1.8345391574412497,49,B0007
0.00010000000000000002,0.00010000000000000002,570.8755356972978,0.00010000000000000002,1203.2772456663452,-0.49999999999999994,3.8023143809070463,1.8191365349318493,50,B0007
0.00010000000000000006,0.00010000000000000002,2081.1801318691396,0.00010000000000000002,2139.559663507045,-0.4999999999336131,3.797610171317647,1.809252781234285,51,B0007
0.00010000000000000002,0.00010000000000000002,2641.671734659402,0.00010000000000000002,1529.2335241479686,-0.49999999999999994,3.7926745766031114,1.7991194195783524,52,B0007
0.00010000000000000002,0.00010000000000000002,2662.2578978038778,0.00010000000000000002,2717.3653931064746,-0.4999999999998863,3.789614779929052,1.7940834677706279,53,B0007
0.0144376238555481,0.00012094020344020132,1594.670663606404,0.00012093974962364517,1353.5425239259432,-0.49999999999999994,3.759645809905912,1.789027000920329,54,B0007
0.04017225577164491,0.00010000000055867656,2775.5879817684627,0.00010000000052425823,47.79444229335235,-0.49999999999999994,3.7063389549994152,1.7788671327244494,55,B0007
0.04754158660306572,0.00010000000000266413,315.83315504257524,0.0001000000000113075,2195.448433210153,-0.49999999999999994,3.685744164555425,1.7737871275428299,56,B0007
0.04312664804698902,0.00010025862624628564,0.10003136675288715,0.00010025862010508626,1994.8663199169118,-0.49999999999999994,3.6933060160314173,1.7684665684940029,57,B0007
0.0608158541313092,0.00010000000539681803,1925.7504672037858,0.0001000000053940669,1522.0973569386947,-0.49999999999999994,3.6570304300163006,1.7638918389524347,58,B0007
0.05826246685253732,0.00010000000000000613,768.6573725978036,0.00010000000000000461,1485.1503964386895,-0.49999999999999994,3.6630234131594372,1.7583973112979536,59,B0007
0.0703065304626237,0.00010000000061665464,2137.787006037952,0.00010000000061816031,1223.5114131709583,-0.49999999999999994,3.6341539270658747,1.752678792356576,60,B0007
0.060183460809282344,0.00010014218974318642,2762.342272853719,0.00010014217154669904,36.93347670559423,-0.49999999999999994,3.654764832553732,1.742711334433675,61,B0007
0.06978573204648311,0.00010000000000000006,1821.2023713502615,0.00010000000000000476,2687.2415530849216,-0.49999999999999994,3.629505641154149,1.7381370159028737,62,B0007
0.06499632629203614,0.00010000000358649599,1570.2256279816038,0.00010000000360829737,2904.9343264467316,-0.4999999999999999,3.641318915152361,1.7327570534503467,63,B0007
0.06999233853985976,0.00010000000565703268,3113.3160103303744,0.00010000000807017177,2823.9277022867764,-0.4999999999999997,3.62653922958109,1.727907977334008,64,B0007
0.06834330830486422,0.00010000000498131156,1083.315050156889,0.0001000000049024135,2980.0182843339912,-0.4999999999999998,3.631986325926979,1.722840053752108,65,B0007
0.05934988700578336,0.00010132375333337659,14.976170126302463,0.00010130760792215332,0.10000261890641937,-0.4999999999863883,3.6476293297275104,1.7124471415465534,66,B0007
0.058620064079772785,0.00010014236905571438,109.48976725454013,0.00010014236864867823,50.117016310007514,-0.49999999999999994,3.6460261836079817,1.7065008008929918,67,B0007
0.0578056336826958,0.0003291015460021963,2009.5026387321682,0.00022926355193774183,2735.1434229108218,-0.49999999999993955,3.6454881060758604,1.7019642452986818,68,B0007
0.056041234781077205,0.00010000976639024811,53.803437517953284,0.00010000977206808932,203.61775462260593,-0.49999999999999994,3.6485367739924346,1.6967667163969746,69,B0007
0.05656023164189032,0.00010001728869160449,311.33242649569763,0.00010001728466884117,2463.7394442008276,-0.49999999999999994,3.645785351354615,1.6920549149132211,70,B0007
0.05526992677086072,0.00010009714320861723,2195.2395958269053,0.00010009717900662974,3402.2812355561273,-0.49999999999999994,3.646033412542481,1.6862540032445814,71,B0007
0.051970065261147586,0.00010000000000116441,206.11920164692629,0.00010000000000115721,34.860927830291736,-0.49999999999999994,3.6510285018232045,1.6810736130215198,72,B0007
0.053585527259597796,0.00010000000000625824,2303.8027279040916,0.00010000000000588663,1428.6869530598879,-0.49999999999999994,3.645235323608025,1.6762738481047983,73,B0007
0.05396339705956947,0.00010001698092638324,59.02910906329765,0.00010000518392353988,306.74018681639114,-0.49999999999999994,3.6422314052186913,1.6714008303181835,74,B0007
0.0515046082425842,0.0001000389437338537,2075.0202978321277,0.00010003894100514649,3081.1163944411587,-0.49999999999999994,3.64570258485567,1.666072109392837,75,B0007
0.04975760436476644,0.0003980302782427634,2333.204762798725,0.0003636961037107876,2707.213995739873,-0.4999999999984308,3.64489185621653,1.660577193446603,76,B0007
0.04790186363065809,0.00010000000000614841,4124.186251283265,0.00010000000000694474,1815.5228946547356,-0.49999999999999994,3.6482797704352636,1.6603636514964892,77,B0007
0.05796338274458996,0.00010003921019367907,1584.2504039415362,0.0001000392100426024,3296.6895552935703,-0.49999999999999994,3.6322308138393864,1.665291960600614,78,B0007
0.044430089130441094,0.00010028664969344896,2858.8309794191064,0.00010028669258539673,2383.645892475075,-0.49999999999999994,3.6530939531261852,1.6504326976519041,79,B0007
0.04736233909264486,0.00010000953484486558,2344.7745832654523,0.00010000953509154355,2598.76099907841,-0.49999999999999994,3.642114497232202,1.645441229378321,80,B0007
0.04311936514547817,0.00010181125262011986,2669.160571319569,0.00010181088553710559,2996.404937135373,-0.49999999999999994,3.6509135388555873,1.6406679116938254,81,B0007
0.04841026207898523,0.00010019837512174654,1893.1971433125836,0.00010019838435687148,1825.862012993553,-0.49999999999999994,3.6403628697942496,1.6399506060890219,82,B0007
0.045173435783092415,0.00010155605336903489,2682.3001706416503,0.00010155609531485337,3240.88836250746,-0.49999999999999994,3.648570617789643,1.63559707277334,83,B0007
0.039939149543565346,0.0001000000007668532,219.6453132187848,0.00010000000074232225,57.99698477329989,-0.49999999999999994,3.656940934780842,1.6297094809012305,84,B0007
0.04315088541461615,0.0001004391692246158,2070.709552596109,0.000100439196811953,1571.5728548888037,-0.49999999999999994,3.6455524874538234,1.624853061419119,85,B0007
0.0450556909888874,0.00010032141175859745,2025.994106277146,0.00010032139164911017,1205.6673270650608,-0.49999999999999994,3.6359129524739258,1.620116469429901,86,B0007
0.036102760608277246,0.00010000000056730639,12.801397172933477,0.0001000000028319166,177.16597954095826,-0.49999999999999994,3.658087088861937,1.6151550239501749,87,B0007
0.03817059568636949,0.001741833126201614,430.8018484951631,0.0002974348589705301,2548.3786112014386,-0.49999999999999994,3.6509019433158905,1.61467564794247,88,B0007
0.04985631624273651,0.000286701466190606,2610.387226333735,0.00032839119218427504,1896.4405837358556,-0.49999999999999833,3.626188395534863,1.6149016459350172,89,B0007
0.05984714635520776,0.00010000290443129606,2046.687127166968,0.0001000029047077621,1430.8603893040613,-0.49999999999999994,3.6385760928577775,1.7130494877529105,90,B0007
0.06397773202641835,0.0001000000041851354,2751.5298208322433,0.00010000000352916634,2035.4724196231323,-0.4999999999999999,3.6161085858440862,1.6501733549982887,91,B0007
0.06256231712132096,0.00010000000108405169,1271.146947815977,0.00010000000109002827,2565.061164878367,-0.49999999999999994,3.613529775908249,1.639897258870362,92,B0007
0.05552071186095882,0.00010000000952335149,3038.6734871654876,0.00010000000759435224,2663.537356328477,-0.4999999999999997,3.623577543058941,1.6297863894765012,93,B0007
0.04507778119998942,0.00010000000022542531,2995.5390443434753,0.00010000000022543641,1108.273402433579,-0.49999999999999994,3.642304072799819,1.6190861925064264,94,B0007
0.04638515498083497,0.00010000001314624933,2088.882414686969,0.00010000001297395853,1727.652395602177,-0.49999999999999983,3.6364624442278086,1.6145800916699367,95,B0007
0.04553283441277739,0.00010000001585539888,3026.238757181271,0.00010000001594856657,1761.897321270109,-0.49999999999999994,3.6371623116618665,1.6095098788615283,96,B0007
0.04077707275304957,0.0001003238940786837,2370.489743255416,0.00010032391857018314,3309.078238515909,-0.49999999999999994,3.6452978151916566,1.6041418463480366,97,B0007
0.03996679220481088,0.00010028184792055408,1676.4805576102654,0.00010028185785590767,1962.333939032616,-0.49999999999999994,3.645735110639491,1.5994014141747523,98,B0007
0.03870693270052707,0.00010015993395894252,1595.2876264488953,0.00010015993801393527,1666.8498900086397,-0.49999999999999994,3.646291413687696,1.594011315954446,99,B0007
0.03257918949598336,0.00010017346179915248,30.737051271269678,0.00010017343750804995,330.5839047877541,-0.49999999999999994,3.658462187503618,1.5892445904713373,100,B0007
0.043839951737865715,0.0001000000000001209,3134.3710873999553,0.00010000000000012057,999.0672479928568,-0.49999999999999994,3.6309443423538976,1.5894268743526072,101,B0007
0.03958917856862085,0.00010000000000175205,2631.0172175134485,0.00010000000000190613,1607.0598449603885,-0.49999999999999994,3.6394169384537878,1.583927544812024,102,B0007
0.043040152383751355,0.00010000000000197317,1805.5981149544868,0.00010000000000192398,96.59326161525746,-0.49999999999999994,3.632767462930727,1.5891867493152227,103,B0007
0.05395747098700981,0.00010000000145826124,0.10002192267563714,0.00010000000147936943,1090.6375293776466,-0.49999999999999994,3.6198652409239163,1.5991652024350445,104,B0007
0.05257124297346592,0.00010000000514807683,175.90261985168604,0.0001000000048809102,1660.342896645226,-0.49999999999999994,3.615902752216002,1.5894590316323496,105,B0007
0.037684526722214326,0.00010000000000078064,713.0303595565292,0.00010000000000077937,4380.637685054408,-0.49999999999999994,3.6462818205497594,1.5785921714259843,106,B0007
0.05098433796700208,0.00010000000256638557,2296.262031276534,0.00010000000253349841,1082.2514858408979,-0.49999999999999994,3.611829830448566,1.5740785064333527,107,B0007
0.03306791705033188,0.00010000000542587103,395.38188197496265,0.00010000000415215183,113.56529727001544,-0.49999999999999994,3.649490721263495,1.5681056655556247,108,B0007
0.042896156963395306,0.00010000000991957326,2949.7316568473643,0.00010000001180317136,1120.3442396324576,-0.49999999999999983,3.629173466339651,1.5691922181148217,109,B0007
0.03500772330029671,0.00011869914612255165,2963.666517637005,0.00011870359259869912,47.110636425856974,-0.49999999999999994,3.646099140275913,1.5634159057867374,110,B0007
0.034781062517912124,0.00010028233985720907,3075.350916163288,0.00010028230624019274,1952.5583288567343,-0.49999999999999994,3.642125481234699,1.5584536647054175,111,B0007
0.0327360614786593,0.00010000000000513896,794.3069242261586,0.00010000000000503663,2363.8151381011453,-0.49999999999999994,3.6441170980319977,1.552956351398517,112,B0007
0.036139006819006184,0.00010053566415468292,1888.4116244706229,0.00010053561032267914,2832.83017892281,-0.49999999999999994,3.6374714864389017,1.553176290851119,113,B0007
0.04169314983964212,0.00010000000000000032,65.4379415834403,0.00010000000000000089,3295.263414844577,-0.49999999999999994,3.6242555083344836,1.553248682481632,114,B0007
0.03838068609442684,0.0001743041256809185,2293.525427644156,0.00017430147256814474,2040.5228105765063,-0.49999999999975875,3.6291406476281574,1.548071807584479,115,B0007
0.03372280235970632,0.00027217851538518346,2190.5849099911366,0.0002657453787926392,1854.6714694093544,-0.4999999999999988,3.6363370686325145,1.5428569191351122,116,B0007
0.0321145211235741,0.00010009381183329256,1407.360718155544,0.00010009380983497759,2572.7902824175285,-0.49999999999999994,3.6375030769747947,1.5379547470029922,117,B0007
0.03497166342684311,0.00010004245635833463,1595.4923690115697,0.00010004244882371387,2706.3249576988487,-0.49999999999999994,3.6324529038006483,1.5377827764219338,118,B0007
0.03862462845244331,0.00010000000000000206,3249.075919049315,0.00010000000000000025,2929.58119100987,-0.49999999999999994,3.6261557475380064,1.538163958178926,119,B0007
0.05327183565565968,0.00010000000124706257,1140.3341187014216,0.00010000000126121854,689.8301028512744,-0.49999999999999994,3.6008714260742796,1.5581422227597599,120,B0007
0.040909659114870274,0.0005189176336711425,1786.901302487788,0.0003603337396253049,2073.2296393194897,-0.4999999999999925,3.6336425965906147,1.5579854188751776,121,B0007
0.045093592712810195,0.00010000000711994866,2306.8498027611267,0.00010000000709566683,867.1885728743696,-0.49999999999999994,3.616124094688272,1.5478716099761933,122,B0007
0.03424110649044072,0.00010000001238961874,2313.960008650428,0.00010000001254535114,1631.6320767182488,-0.49999999999999994,3.6349848715453272,1.5377903885728523,123,B0007
0.0322922926250424,0.00010297144661618067,2050.4067965244017,0.00010296994085699093,1312.3220943732706,-0.49999999999999994,3.6365866699812694,1.5319256102752783,124,B0007
0.02821182982046638,0.00010000000018008715,782.7484091524677,0.00010000000017673768,893.4621863804748,-0.49999999999999994,3.6429575917197856,1.527352878573096,125,B0007
0.029277485532239873,0.00010003618764182392,83.73442604672346,0.00010003618987939484,206.04979291336355,-0.49999999999999994,3.639811329696109,1.522023033110913,126,B0007
0.02462330634690991,0.0001002952096528953,0.1000056008529242,0.00010029522483413903,93.13288574476108,-0.49999999999999994,3.6473586955908743,1.5170316719163641,127,B0007
0.019071968816374598,0.0001000000001178262,399.98844178114064,0.00010000000011364403,1197.345400677575,-0.49999999999999994,3.6563203536071867,1.5113008716182812,128,B0007
0.028598807671968728,0.00010000000000012286,375.68878845433505,0.00010000000000011634,22.217614908008272,-0.49999999999999994,3.632527791041003,1.5117103689655047,129,B0007
0.02545618275175423,0.00010006335460355726,2925.5427823217724,0.0001000632023037015,3412.9002893176275,-0.49999999999999967,3.6389523283798884,1.5067201146749065,130,B0007
0.01812445873791163,0.00010000000012751836,177.5250622374086,0.000100000000129465,261.76138638580636,-0.49999999999999994,3.6539272432869327,1.5016383104263984,131,B0007
0.022124150195840686,0.00010706778988367954,74.1031077240167,0.00010706760850289842,93.7837713838729,-0.4999999999999999,3.6418037273667125,1.50112505998119,132,B0007
0.00010002540338059547,0.0034092357096927785,177.28188380351813,0.02155060915642839,27.945244080359064,-0.49999999999999994,3.641908713545933,1.5061185824548113,133,B0007
0.03086222735877424,0.00010514802983450843,378.70149486905103,0.00010514626613204973,13.444257096278891,-0.4999999999999992,3.637711959813466,1.5169736195764176,134,B0007
0.026524727432244773,0.00010000000001353861,431.14604283263776,0.00010000000001451354,318.68641024614715,-0.49999999999999994,3.6400566368132905,1.5062393310972662,135,B0007
0.027612685653596352,0.0001000000000027003,261.21669236806315,0.00010000000000274706,272.61830530288046,-0.49999999999999994,3.6309330696365696,1.5013188327391784,136,B0007
0.00010000000000202432,0.0010417692020941842,300.79624721752674,0.023874597094922026,1.8470055767014697,-0.49999999999999994,3.6328489484369806,1.4962564130513243,137,B0007
0.00010042432558266803,0.008426973982591722,30.898598198257584,0.008396642333362035,25.221845564818523,-0.4999999995550303,3.6538407740342795,1.4911102308280852,138,B0007
0.00011464128476561417,0.011625815076816348,52.26998083959293,0.009847333715149755,80.67452537358574,-0.49999999999999994,3.6433010018360257,1.491268166291176,139,B0007
0.012766695972338515,0.00231220370149125,398.9658842624829,0.0031475202942260415,305.5673122085743,-0.49999999999999994,3.6475194023056727,1.4859749964403752,140,B0007
0.016766423926098263,0.00010026296500017624,55.36761076998814,0.00010026297252616821,191.6559440525931,-0.49999999999999994,3.6453397062451596,1.4808952224895797,141,B0007
0.009790914497232121,0.00010000000026272619,1640.140789374137,0.00010000000025831646,2830.4637459101623,-0.49999999999999994,3.6576813266230066,1.475579741524336,142,B0007
0.012684105409863866,0.00010000000000820316,2156.929494589165,0.00010000000000831998,1251.0110010169747,-0.49999999999999994,3.653411106806422,1.4758324924427404,143,B0007
0.008505061652214518,0.0008122047229891765,938.6662893559493,0.0005815138669645158,1392.9903922404376,-0.49999999999999994,3.6596211139689805,1.471028148127554,144,B0007
0.014666713712734722,0.0001000000035180408,261.4778369448589,0.00010000000366827016,861.7258486647414,-0.49999999999999994,3.642977502995141,1.4710165044750456,145,B0007
0.00010167827138271124,0.005695846307563041,23.016472925493865,0.005682320185537222,5.334166213662982,-0.4999999982609896,3.6460665367373837,1.4655795579111408,146,B0007
0.003299103199301641,0.00011069387504586684,2961.790775347578,0.00011069555256455043,2031.8024440306651,-0.49999999999999994,3.662828701112008,1.4604597632099678,147,B0007
0.00802237080019388,0.00010719791925536167,1355.7580910027227,0.00010719517587185169,1292.4283232941198,-0.49999999999999994,3.6537942718118877,1.4610346439849382,148,B0007
0.012919092745065032,0.00010000001706336363,1344.3108295474735,0.00010000001723392107,124.70822522573957,-0.49999999999999994,3.642452350565458,1.460503737230881,149,B0007
0.015303034132697842,0.00010005494895852907,0.10009787840158424,0.00010005495132831636,280.83457647975183,-0.49999999999999994,3.6349066620081723,1.4660564130200893,150,B0007
0.021156999908168078,0.00015290031165778547,110.03433548014971,0.00015264369556637462,664.5251057365447,-0.4999999999999954,3.6437926737439854,1.486113968236063,151,B0007
0.02433479315322338,0.00010000000000000013,746.9711350852783,0.00010000000000000002,45.55436209514427,-0.49999999999999994,3.6285130011719997,1.4760528767208856,152,B0007
0.009357609915544643,0.0010108332328821776,1099.8455496515003,0.0008161147070692586,1650.8048150996146,-0.49999999999999994,3.6548288279732906,1.466083051342928,153,B0007
0.0064315190031288,0.00010000010234090544,1303.501573049287,0.00010000010293009085,1027.8051236044532,-0.49999999999987266,3.661133916689342,1.460671218647128,154,B0007
0.005375363232688631,0.00010000000000000091,621.6606319836568,0.00010000000000000193,1098.1937752946098,-0.49999999999999994,3.6603453964132897,1.4558164119732317,155,B0007
0.011571362349291743,0.0001000000000026348,2297.305174125431,0.0001000000000026467,716.474359499573,-0.49999999999999994,3.6422527118504076,1.4560659407330832,156,B0007
0.005246280915714223,0.00010972087804187605,2270.504221684555,0.00010972001457377156,1262.883260437276,-0.49999999999999994,3.657136696921168,1.450444899631114,157,B0007
0.00010000000000000002,0.00010000000000000002,183.90989175884584,0.00010000000000000002,132.91761472180733,-0.49999999999984623,3.6666994973484512,1.4449352246568183,158,B0007
0.007248777732246433,0.00010273321983866608,1113.442743796803,0.00010273325979562296,538.241834843665,-0.49999999999999994,3.647545261954272,1.445494859978346,159,B0007
0.00010000000000000002,0.00010000000000000002,246.3993094685086,0.00010000000000000002,1.388547900452842,-0.49999999999999994,3.6645231669064704,1.4405514885052295,160,B0007
0.00842782948516346,0.00010254370980751243,1655.137283318116,0.00010254621523795092,39.2219387365343,-0.49999999999999994,3.6426845329068405,1.4408520008518537,161,B0007
0.00010000000000000002,0.00010000000000000002,64.9183046960774,0.00010000000000000002,73.8032948024595,-0.49999999999999967,3.6620394362737536,1.4350731993537147,162,B0007
0.0030201821579880226,0.0001000000083374457,2570.9050371554085,0.00010000000847570357,2362.6215844095072,-0.49999999999999994,3.6512327233659616,1.4352631509803029,163,B0007
0.00010000000000000002,0.00010000000000000002,629.0901919840397,0.00010000000000000002,321.59100467148943,-0.49999999999999994,3.6592363482804635,1.4304115565118,164,B0007
0.0026135601710304693,0.00011365472046379877,2765.9309017505257,0.00011365718684719454,1902.0013793929556,-0.49999999999999994,3.6504052256610042,1.4305358410273104,165,B0007
0.00010000000193394914,0.00010000000027333006,1157.7088349680046,0.00010000000027331802,1450.1964988826915,-0.49999999999999994,3.6586114511568257,1.4246832900573003,166,B0007
0.019784394589567416,0.00010000004584505536,1334.607329875366,0.0001000000336742807,118.69183430372053,-0.49999999999999994,3.6244011772924525,1.4459635870402705,167,B0007
0.014323318777923349,0.00010000000000223716,1787.9868944373547,0.00010000000000221431,1562.0140253265292,-0.49999999999999994,3.6483841669033277,1.4566561495496175,168,B0007
0.08141051849674387,0.00034857815018237277,2712.4487935933766,0.0003360097388398998,2824.6141447376544,-0.49999999999999994,3.6217701048524864,1.8685276688831949,1,B0018
0.08618153285216057,0.00021477111112200626,2818.792613819958,0.00023108607219554238,2707.5818855419075,-0.4999999999999814,3.619843983371896,1.856787475181781,2,B0018
0.08504375492833867,0.00010000000000000002,2157.8417415816766,0.00010000000000000564,3318.3009504231895,-0.49999999999999994,3.6243352503241195,1.8533108759676775,3,B0018
0.08406390790186431,0.00010000000000000556,2244.6346816823466,0.00010000000000000085,433.6813585704571,-0.49999999999999994,3.625721878901793,1.8445252332496314,4,B0018
0.0886708555816565,0.0001000000000000001,4340.771163297107,0.00010000000000000284,2183.794055000644,-0.49999999999999994,3.623156402553152,1.8466047724017376,5,B0018
0.09264078162914018,0.00010000000501031125,2491.6975309527784,0.00010000000505821144,3266.3193517647665,-0.49999999999999717,3.6175090459157957,1.8425850371052623,6,B0018
0.008387220560654112,0.05467349711419389,21.67758980540975,0.011810473076902457,98.23683893975101,-0.49999999999999994,3.6542060214890704,1.829726868994757,7,B0018
0.07768837169778525,0.0003791396871566494,2556.094348800935,0.0003478117044291675,2833.1517395447618,-0.49999999999999994,3.643900845005794,1.8237771204882245,8,B0018
0.00010059491530593857,0.0784348172319806,0.46403752792299147,0.00010000348254589645,27.907758814981058,-0.49999999999937056,3.641456187280575,1.8185033235229782,9,B0018
0.08008003891875905,0.0002798070687148989,3205.875495997909,0.0003735388293025213,2467.225876088585,-0.4999999999999948,3.638593168998046,1.8374176632120622,10,B0018
0.08100021238580972,0.0001000000034227037,1944.7036190879153,0.00010000000339277578,2769.8140193689333,-0.4999999999999997,3.639462993829168,1.8264579328358745,11,B0018
0.005523103760052104,0.05746356679907925,16.200316713778488,0.008791826787826314,115.24188834968082,-0.49999999999999994,3.6570097575243046,1.8134426442229554,12,B0018
0.0585266664657265,0.00010000670102498195,1354.0199707541408,0.00010000670111659026,606.1381636881523,-0.49999999999999906,3.6805262312445173,1.799611483812901,13,B0018
0.05613244178580933,0.00010000000024308716,21.134061055799606,0.00010000000025155316,60.8844978955527,-0.4999999999999978,3.6813894044899937,1.792309438143801,14,B0018
0.0001005393992093602,0.002628782905374076,160.3537925803712,0.06372421298373648,10.107347407469693,-0.49999999999999994,3.6622612778899604,1.7955574416739981,15,B0018
0.06399183535687451,0.0013964459743508483,825.018754842541,0.0017398398450136296,651.8206685704547,-0.49999999999999994,3.6610712518203874,1.7859202513214545,16,B0018
0.06103592756191491,0.000100266151542606,2356.336577694686,0.00010026624013523297,2065.2591997567406,-0.4999999999999912,3.672778124683659,1.7776285423549427,17,B0018
0.00010100365267549204,0.020966250771353494,47.207464199195364,0.02268794506715582,43.902419314957825,-0.49999999999999994,3.704608339678764,1.7626767673780228,18,B0018
0.00010016795449703895,0.002358695369843138,15.063907826661694,0.04191331122987753,18.738819807345998,-0.49999999999838024,3.696334961090201,1.7553039181196126,19,B0018
0.05003791930873211,0.00010000000853636158,22.510687279601942,0.00010000029391827773,87.2371857444431,-0.49999999999999944,3.681602750029733,1.7526965037023547,20,B0018
0.00010352600746321844,0.023714840375822804,24.208499066933644,0.013608594431136078,41.36700227548933,-0.49999999999999994,3.705922340031939,1.7406833830653934,21,B0018
0.03395042413944143,0.00010000000000383673,472.0704716224143,0.00010000000000261995,209.41945990104645,-0.49999999999999994,3.706764395051233,1.7237267469528357,22,B0018
0.028765036317805755,0.00010000003596391372,207.91860678005605,0.00010000003453524808,134.68791453957542,-0.4999999999999995,3.717422494750161,1.7206524040269149,23,B0018
0.00924591444462894,0.005257334728651725,201.2665551666981,0.008643915311432859,122.72235910440062,-0.49999999999999994,3.7273863463744714,1.716779652801348,24,B0018
0.04348660862089037,0.00010000000011570346,1520.6446923020887,0.00010000000009582194,8.964781360664766,-0.49999999999999994,3.694693196910751,1.7585026015879561,25,B0018
0.047301164933463626,0.00010000000022472282,102.0998597192712,0.00010000000022962244,357.0187136843963,-0.4999999999999999,3.687343017310716,1.748131265552032,26,B0018
0.00010045027255801755,0.0246344879615906,0.17307744274846854,0.0059129836011765965,0.18616263618866896,-0.49999999999177225,3.7227676978946147,1.731585376944569,27,B0018
0.026778537822585345,0.0001000000079472284,87.306703330874,0.00010000000928022435,378.54968843414065,-0.4999999999999935,3.726506999063375,1.7212537922175395,28,B0018
0.012097963171896714,0.0038554755168216633,183.24114705438794,0.013889426047373744,58.715501640054995,-0.49999999999999994,3.713802890263398,1.714838653945482,29,B0018
0.00010547009584775443,0.015837530240383972,39.60983274538327,0.0011744248103415624,194.8409164166828,-0.49999999999999994,3.739152960155178,1.7035634979741665,30,B0018
0.011529042276883493,0.0001125276225110678,468.8782086855494,0.00011252365655289073,187.74394834746258,-0.49999999999999994,3.7469386212803637,1.6914741449754673,31,B0018
0.00010004057574548105,0.015539464555951246,27.063674862464413,0.0001390061662504598,121.00576355651752,-0.49999999999618877,3.736770970967567,1.6865616329652233,32,B0018
0.011062880168157272,0.00010132502556374575,0.10002451134101875,0.00010132647676352711,76.45315629659518,-0.49999999999998446,3.743197710311068,1.6751345489881124,33,B0018
0.003927517181617055,0.00010000000348940536,1488.728445192347,0.00010000000351641797,762.8423366787416,-0.49999999999999994,3.7523631047681887,1.6668405811280351,34,B0018
0.004997119259930991,0.00010000000734610486,666.8679023981722,0.00010000000583167853,1177.648058402142,-0.49999999999997047,3.748101587564932,1.6642464605471732,35,B0018
0.00589698026711006,0.00010000000003637556,459.1362885917271,0.00010000000003537485,576.9734874535301,-0.49999999999999994,3.739528671276794,1.6552970045215125,36,B0018
0.00010000000284270611,0.00010000000350092,315.1735775215674,0.00010000000350018128,53.429767792028116,-0.49999999999999994,3.753495266268659,1.6374661693367498,37,B0018
0.00010000000000000002,0.00010000000000000002,611.4936978136391,0.00010000000000000002,317.2999773234465,-0.49999999999999994,3.7477093841313343,1.6383630370281346,38,B0018
0.00010000000000000002,0.00010000000000000002,2513.1463639969925,0.00010000000000000002,1663.6631687972256,-0.49999999999999983,3.744490485317577,1.6301857101174473,39,B0018
0.03520547922777575,0.00010000000017928754,595.3259391495483,0.0001000000001785321,434.6545511114459,-0.49999999999999994,3.689288118619666,1.6922687092426167,40,B0018
0.00010008649859037805,0.00010000527976957434,280.87224275444123,0.006486867790603728,85.03993405305636,-0.49999999999999994,3.7445427040646564,1.6591630514075584,41,B0018
0.008253900152684417,0.00010005082972890585,145.56919029039852,0.00010005083407384452,210.50072455132928,-0.49999999999999994,3.7333332097884036,1.6487116648599545,42,B0018
0.0001000040933634319,0.0006082374307775141,619.4242330434977,0.0010324365445069014,144.48296090925191,-0.49999999999992734,3.7400214908788025,1.6328272288797059,43,B0018
0.00010000000000000002,0.00010000000000000002,949.4981305058416,0.00010000000000000002,807.1677435364361,-0.49999999999999994,3.7424212188133783,1.6209212074652775,44,B0018
0.00010000000000014148,0.0001000000000001092,852.308154141206,0.0001000000000001093,840.3258198852134,-0.4999999999997433,3.737776442671192,1.6118919962560792,45,B0018
0.09481285611207844,0.00011302553784533872,2081.0654105023846,0.0001128855464328262,1381.9702854673094,-0.4999999999999984,3.586543463941377,1.7424527604799764,46,B0018
0.00022805176764802298,0.02968025092711351,24.38021661379241,0.04521737914359226,18.08186589393951,-0.4999999999999993,3.627611512768516,1.7261904003344353,47,B0018
0.0020106937947532238,0.00010000064863694477,115.71927594599475,0.05107418038642237,2.4674545870637226,-0.49999999999999994,3.6667695045867155,1.7054804083881598,48,B0018
0.042930350110847774,0.00010000000057899282,42.99791680160073,0.00010000000117803513,59.67513527755304,-0.49999999999999994,3.680712700896723,1.6874803012857833,49,B0018
0.0315110597157308,0.00010000000635799171,308.96091219823575,0.00010000001030183684,55.49063464698354,-0.4999999999999999,3.698487497349824,1.6703509129762815,50,B0018
0.03324931125173583,0.0001000000028209696,13.208667246129096,0.00010000000028148918,147.37957906480722,-0.49999999999999845,3.700421820455434,1.6761065420639352,51,B0018
0.00018825266687091252,0.02022080193840623,48.397954566989284,0.017355419952343753,55.73922017231639,-0.4999999999973247,3.6841495359445053,1.66291476818168,52,B0018
0.013441698241622233,0.00010071871858212889,96.37122112649388,0.00010071930117454937,209.54526333572716,-0.49999999999999994,3.7283944818436967,1.6357762903341153,53,B0018
0.00010598237745112877,0.009149060981924577,130.9321034256802,0.013362544184267518,90.44734887626826,-0.49999999999999994,3.702499924668507,1.6283311285338316,54,B0018
0.002395546930738655,0.0019759733175560867,411.5128096952184,0.007644675708214003,105.22703537634386,-0.49999999999999994,3.7214939066208315,1.6220119318658404,55,B0018
0.035095540548888714,0.00010000000286713931,110.14754777130919,0.00010000000320965557,145.15879421469577,-0.4999999999999998,3.688623155860412,1.6837054017015063,56,B0018
0.028274743152630337,0.00010000000109377041,31.19532738084738,0.00010000000104714439,125.65991905718633,-0.49999999999999994,3.7010996509277043,1.6504307003262306,57,B0018
0.013596348652174541,0.0020146905903456144,374.720142409417,0.010287423417265353,74.15111854602894,-0.49999999999999994,3.697008998159845,1.629717733177143,58,B0018
0.017260413637074576,0.00010002414760377972,390.13591379675984,0.00010002414747766665,7.946351618700888,-0.49999999999999994,3.706086387348075,1.6085508608661394,59,B0018
0.001967026514784809,0.00010000001532677481,565.1507347988545,0.00010000001543616937,251.91859413755776,-0.49999999999999994,3.7333073486339887,1.5966581270373927,60,B0018
0.00010000000000000002,0.00010000000000000002,296.1324779746869,0.00010000000000000002,273.60366243845624,-0.49999999999999994,3.735801737876852,1.590110957571771,61,B0018
0.004104142911261909,0.0001000000000042758,246.88487997487465,0.00010000000000414865,797.3107056386996,-0.49999999999999994,3.7220710103394183,1.5808552003086351,62,B0018
0.0001000000000003191,0.00010000000000032634,910.539596220433,0.00010000000000032653,922.8183432687448,-0.4999999999990494,3.7294726662229993,1.5657704217955233,63,B0018
0.00010000000000033063,0.00010000000000040558,743.250795779529,0.00010000000000040563,860.766635943153,-0.4999999999987518,3.7236884090450024,1.5569743026173335,64,B0018
0.00010000000000003437,0.00010000000000000013,3402.7583306897395,0.00010000000000000014,2915.324471122887,-0.49999999999989614,3.718998483991548,1.548974079830292,65,B0018
0.00010000000000001684,0.00010000000000001372,410.03367103925575,0.00010000000000001376,684.8583408982613,-0.4999999999999604,3.717396226646071,1.5484615071466388,66,B0018
0.00010000204340529288,0.00010000163623444751,866.8705193793317,0.00010000163622886023,173.60047960216667,-0.49999999999979383,3.717756379974273,1.5325312328989733,67,B0018
0.0001000033417638231,0.00010000236208451837,524.7464644741804,0.00010000236207931055,665.1769341550267,-0.4999999999999356,3.708730371649363,1.5235066310114929,68,B0018
0.0001000008229446524,0.00010000059120146558,181.6745747081167,0.00010000059120027159,300.06206610885704,-0.4999999999999954,3.706334723546842,1.5184426842451795,69,B0018
0.00010000364814165143,0.0001000027046198163,98.70562305377246,0.00010000270462788249,387.9765613437873,-0.4999999999999587,3.7013853899725966,1.5133900391433415,70,B0018
0.00010000000000000002,0.00010000000000000002,377.2570013247299,0.00010000000000000002,216.42152650963618,-0.49999999999925543,3.7144662054820845,1.550698501022955,71,B0018
0.00010000000000000009,0.00010000000000000003,3516.0634324894736,0.00010000000000000002,3120.822042147242,-0.49999999999999994,3.715220423027778,1.534249090124632,72,B0018
0.00010000000000000086,0.00010000000000000022,3803.057680906716,0.00010000000000000028,898.9654209508533,-0.49999999999999883,3.7042403709835736,1.5183768305986294,73,B0018
0.00010000000267107158,0.00010000000202158898,277.3534967562924,0.00010000000202157432,24.560708568100125,-0.49999999999999994,3.704716382732968,1.5096010436591076,74,B0018
0.00010000000004911011,0.00010000000004103939,411.6315621726833,0.00010000000004104202,317.0488038702758,-0.49999999999999994,3.701853122232888,1.500569701430284,75,B0018
0.00010000000000787425,0.0001000000000064596,50.1498135369269,0.00010000000000647439,765.7437761559265,-0.49999999999999994,3.699559710889947,1.4980676096761723,76,B0018
0.00010000000011442222,0.00010000000010486764,803.4349493446018,0.0001000000001048634,152.85254416447958,-0.49999999999999994,3.699306011705138,1.4841410719916859,77,B0018
0.00010000000000871648,0.00010000000000680481,91.86720353396862,0.00010000000000680472,818.2132270688385,-0.49999999999999994,3.6936841573557353,1.4855137202884467,78,B0018
0.00010000000016066494,0.00010000000013485524,990.5211196998849,0.00010000000013487336,815.6719485008914,-0.49999999999999994,3.6895647819437807,1.475514336578935,79,B0018
0.00010000000022145872,0.00010000000019918921,12.639270941822588,0.00010000000019913322,1052.4548587156585,-0.49999999999999994,3.683877367731816,1.4653796800291685,80,B0018
0.00010000000007793002,0.00010000000007385038,1949.354427844554,0.00010000000007383519,854.4454366808591,-0.49999999999999994,3.687657824761881,1.4703012779583515,81,B0018
0.00010000000013970676,0.00010000000014174692,281.29567050328933,0.00010000000014172679,133.48648047313796,-0.49999999999999994,3.685641810495381,1.4531734031984378,82,B0018
0.00010001699424378311,0.00010001722190732483,196.03104697311127,0.00010001722182879303,49.251208068428646,-0.49999999999999994,3.6862566894849267,1.4499567488415788,83,B0018
0.0001000000001709519,0.00010000000016283519,1137.4335955520903,0.00010000000016281618,532.2559263600973,-0.49999999999999994,3.683139842675621,1.44632484784763,84,B0018
0.00010000000000925248,0.0001000000000081037,720.1972930880754,0.00010000000000810293,282.91115438690025,-0.49999999999999994,3.681821574106182,1.4356540034119742,85,B0018
0.00010000003875143558,0.00010000000541819026,315.389884703406,0.00010000000541815512,91.56961753251957,-0.49999999999999994,3.6893285705805745,1.487576745413541,86,B0018
0.00010000127970470679,0.00010000090708628555,102.12687390014169,0.00010000090708481705,95.2841137702323,-0.49999999999999506,3.6842436932305898,1.4703830810471699,87,B0018
0.0001000000014098549,0.00010000000125492049,848.824849544429,0.00010000000125491626,121.13219909208254,-0.49999999999999994,3.6825158753949627,1.4536810849575432,88,B0018
0.00010000000030347727,0.00010000000025831264,1744.7514889575177,0.00010000000025828554,111.0136029973632,-0.49999999999999994,3.6728169750401953,1.4462893823056984,89,B0018
0.00010000181497172038,0.00010000168882183001,268.90245500398373,0.00010000168881474237,221.7157934869809,-0.4999999999997079,3.675089216994846,1.4264176048518038,90,B0018
0.00010000000000456563,0.00010000000000376091,562.0354133018877,0.00010000000000375872,13.467030576987838,-0.49999999999999994,3.6843808078118254,1.4655128975864355,91,B0018
0.00010000000031973329,0.00010000000026304652,1592.012886038056,0.00010000000026304643,357.1575318132446,-0.49999999999999994,3.677130514874323,1.4463198777324933,92,B0018
0.00010000000036779293,0.00010000000030975062,387.0360348812135,0.00010000000030970634,626.4005537591836,-0.49999999999999994,3.674452159571678,1.437810954295102,93,B0018
0.00010000000165945457,0.00010000000144399297,231.7056883213881,0.00010000000144395137,1131.087098784553,-0.49999999999999994,3.6726048311737087,1.433741419718993,94,B0018
0.00010000000036761339,0.00010000000032076658,725.5913744635798,0.00010000000032074997,729.1473353176306,-0.49999999999999994,3.665160810111711,1.4238717148442503,95,B0018
0.00010000000021190422,0.00010000000018589307,29.195924117031836,0.00010000000018589281,1359.1787036238532,-0.49999999999999994,3.6667791320470453,1.4266178152637665,96,B0018
0.00010000000031397707,0.00010000000028614661,832.5279186782246,0.0001000000002861576,1650.554824164191,-0.49999999999999994,3.6643287710606454,1.4150455123558539,97,B0018
0.00010000000032959359,0.00010000000035288961,308.24560891895254,0.0001000000003528814,335.3554963698514,-0.49999999999999994,3.667133980706915,1.4047040699628586,98,B0018
0.00010000000000000002,0.00010000000000000005,896.7765821082131,0.00010000000000000002,604.2177847932811,-0.49999999999999994,3.666458342042049,1.4005339859991692,99,B0018
0.00010000000000000033,0.00010000000000000044,661.943302062643,0.0001000000000000002,698.0135837459405,-0.49999999999999994,3.6597244873994956,1.3971185426968138,100,B0018
0.00010000000043457901,0.00010000000049022844,404.9133101473077,0.00010000000049022553,246.90116107635717,-0.49999999999999994,3.664277999293144,1.3961170643407488,101,B0018
0.00010000000055464692,0.00010000000054892926,285.01355570683427,0.00010000000054891521,266.61421602232195,-0.49999999999999994,3.6543606855600963,1.3888555006503243,102,B0018
0.00010000000000000011,0.00010000000000000011,415.1912004680369,0.00010000000000000013,762.1853701976422,-0.49999999999999994,3.6587178291569353,1.3845597754906631,103,B0018
0.00010000000000000002,0.00010000000000000002,2936.426174987966,0.00010000000000000005,3237.5677335852997,-0.49999999999999994,3.6583513654247484,1.3791885086643703,104,B0018
0.00010000000026929254,0.00010000000028592949,470.4646193363162,0.0001000000002859404,387.7138069678042,-0.49999999999999994,3.650720378716689,1.3752982553116473,105,B0018
0.00010000000000000003,0.00010000000000000002,2955.1579112606673,0.00010000000000000002,3028.4818924389638,-0.49999999999999534,3.686272030536454,1.4717278734960382,106,B0018
0.00010000000000000002,0.00010000000000000002,2947.2584180152357,0.00010000000000000002,3016.5065077939203,-0.49999999999999994,3.6852982415134337,1.4614303196983554,107,B0018
0.00010000363105087135,0.00010000241127108756,299.2110849443874,0.00010000241127415018,158.05818784012718,-0.49999999999998584,3.6849404682378593,1.4494867113731604,108,B0018
0.00010000002620526039,0.00010000002023490955,65.95705089374195,0.00010000002023481292,303.0163691988996,-0.49999999999999994,3.681124957778581,1.4404152734388345,109,B0018
0.00010000000041906422,0.00010000000035309944,69.80445358419831,0.00010000000035309968,791.3792853189891,-0.49999999999999994,3.6759722816353153,1.4262208080269578,110,B0018
0.0001000000005533951,0.00010000000046662547,366.7968481709248,0.00010000000046665169,585.9372673897008,-0.49999999999999994,3.6726652966326037,1.4259309587919566,111,B0018
0.00010000000080225413,0.00010000000071750398,131.77239765582806,0.0001000000007175044,1094.978616876896,-0.49999999999999994,3.6714883411375188,1.4102764228329383,112,B0018
0.00010000000064767346,0.0001000000005074748,460.1961610149481,0.00010000000050746902,815.2879670826806,-0.49999999999999994,3.66780287391761,1.4142125426377823,113,B0018
0.00010000000064374304,0.0001000000004979611,317.00945572661476,0.00010000000049797005,187.83589664619217,-0.49999999999999994,3.668541392335462,1.4089576133203328,114,B0018
0.00010000000104768168,0.00010000000094508234,281.20404637688074,0.0001000000009450539,1779.5756663948962,-0.49999999999999994,3.6673778275299673,1.3975549065278086,115,B0018
0.00010000000033240723,0.00010000000027662282,126.65517072376291,0.00010000000027661519,154.11866327305847,-0.49999999999999994,3.661196252051427,1.4072322562346335,116,B0018
0.00010000000036932116,0.00010000000036221024,81.22164906575755,0.0001000000003622286,69.27453755384165,-0.49999999999999994,3.6600307751722045,1.3877211092397208,117,B0018
0.00010000000043062765,0.00010000000039481792,1733.6203486868683,0.00010000000039481443,216.62680108158986,-0.49999999999999994,3.652262223119517,1.3837976168563093,118,B0018
0.00010000000031249952,0.00010000000029819137,2622.132483114655,0.00010000000029823604,981.0883567655234,-0.49999999999999994,3.6499459914630044,1.3781091562564942,119,B0018
0.00010000000023377635,0.00010000000024508872,281.2831563506167,0.00010000000024508998,158.48874211009473,-0.49999999999999994,3.6446958214746035,1.3657649563295686,120,B0018
0.00010000000001407779,0.00010000000001090418,695.9917908891251,0.00010000000001090429,398.25948751619023,-0.49999999999999994,3.675096490830347,1.438510816436743,121,B0018
0.00010000000098862351,0.00010000000075762205,1375.355708409902,0.0001000000007576269,357.2372586277577,-0.49999999999999994,3.6712530553502822,1.4180955046498755,122,B0018
0.00010000000022518468,0.0001000000001636304,24.049856614596123,0.00010000000016363529,335.118532369567,-0.49999999999999994,3.664989306199208,1.4127323683091475,123,B0018
0.00010000000126098905,0.00010000000106963072,305.95551153820287,0.0001000000010696786,1384.1015278788173,-0.49999999999999994,3.6666981022848226,1.399914051011675,124,B0018
0.0001000000011160361,0.00010000000094672701,1581.3481644028932,0.00010000000094672874,552.5689889262474,-0.49999999999999994,3.658657714085862,1.389601350100692,125,B0018
0.00010000000068254184,0.00010000000062495302,568.0748887685704,0.00010000000062490877,107.94383177753001,-0.49999999999999994,3.662027971044637,1.3914392566722555,126,B0018
0.00010000000080244076,0.00010000000061951389,1258.581133041045,0.0001000000006195815,591.6673297195803,-0.49999999999999994,3.6546542496248713,1.388301014125375,127,B0018
0.0001000000016476156,0.0001000000012807643,841.4185544797951,0.00010000000128078267,919.6908029047927,-0.49999999999999994,3.657449361249451,1.3821490604790951,128,B0018
0.00010000000141926121,0.00010000000129675728,43.825827942736865,0.00010000000129675116,190.87897563196003,-0.49999999999999994,3.664030984489547,1.3752487691432111,129,B0018
0.00010000000000001765,0.00010000000000001585,262.5657911935059,0.0001000000000000159,238.4235969023744,-0.49999999999999994,3.652759618855733,1.363688879697047,130,B0018
0.0001000000008030887,0.00010000000064802515,61.60713360727351,0.00010000000064800867,144.24389561076964,-0.49999999999999994,3.648093462079083,1.3743824908836997,131,B0018
0.00010000000086478675,0.00010000000079244993,229.67575452782503,0.000100000000792453,19.511506320422598,-0.49999999999999994,3.6473128383152686,1.3606817861369576,132,B0018
