Battery,CycleIndex,Capacity_Ah,Re,Rct,V_min,V_max,V_mean,T_mean,T_max,Duration_s,I_mean
B0005,1,1.8564874208181574,,,2.612467347907089,4.191491807505295,3.5298286688693397,32.572328114029,38.98218133148803,3690.234,1.818711710270297
B0005,2,1.846327249719927,,,2.587208728940726,4.189773213846608,3.5373201277859714,32.72523522519307,39.033397966787035,3672.344,1.8176438989718113
B0005,3,1.8353491942234077,,,2.6519168938437794,4.188186735991303,3.5437367282719,32.64286193755933,38.818796689817404,3651.641,1.8165423469233573
B0005,4,1.8352625275821128,,,2.592947964776547,4.188461118855572,3.5436661072601456,32.51487646204882,38.7623045063458,3631.563,1.8256179748849433
B0005,5,1.8346455082120419,,,2.547419651124539,4.188298524761055,3.5423432526672167,32.38234901543077,38.66539257343368,3629.172,1.8261478651693803
B0005,6,1.8356616600675495,,,2.5209480504077413,4.188815807948604,3.5413347346347575,32.43418218230641,38.75169504640032,3652.281,1.8168998532879652
B0005,7,1.8351461429226603,,,2.487927319492314,4.18839163793879,3.5410250495075215,32.480416444757985,38.8207012322275,3650.828,1.8168378953364732
B0005,8,1.8257567905665537,,,2.6652049047458775,4.188927891511958,3.554133296801584,32.41046186109587,38.51713023385634,3572.453,1.8444082717328028
B0005,9,1.8247738529891333,,,2.6038584726333673,4.189029250882121,3.5529355991467955,32.3461408313,38.526267904657,3550.594,1.854064004450843
B0005,10,1.824613268496936,,,2.552853984885676,4.189223427076418,3.5512057319376997,32.27679750791685,38.52698128472781,3551.25,1.853658588102974
B0005,11,1.8246195526864504,,,2.4724483018527317,4.188916055911241,3.549292319740949,32.15709350345252,38.54143406601644,3530.25,1.863423718930417
B0005,12,1.8142019357673917,,,2.64956413267546,4.189876247266316,3.559759220648976,32.36407129853099,38.52197451768004,3491.016,1.8730031464912946
B0005,13,1.8137521577549054,,,2.5724981777366227,4.189286794768804,3.558081969139198,32.3181954403762,38.582485834057856,3470.281,1.8826602424674959
B0005,14,1.8134404914735822,,,2.5249886697730286,4.188837765892728,3.555692244172496,32.15709029211502,38.520294134873915,3470.0,1.8825977111170087
B0005,15,1.8025980036306504,,,2.694621861688723,4.189110301768517,3.562746818017503,32.04407000314609,38.21358592965045,3450.297,1.8818235264274379
B0005,16,1.80210690024615,,,2.64010141737067,4.18921207304098,3.5614521756489204,31.931593674911532,38.1983618706913,3429.407,1.892259778387913
B0005,17,1.802579500826209,,,2.5739035098380962,4.188899969428112,3.5603420474985823,31.941655359029298,38.31926916027133,3409.484,1.9027782137498737
B0005,18,1.8030683142834096,,,2.4942396831720126,4.188779799856791,3.5591189041401865,31.965008645476725,38.4787542519308,3390.422,1.9133470605822436
B0005,19,1.8027776247196041,,,2.4556793246645583,4.189272591516219,3.557886771846508,31.966241678512723,38.54659017774874,3390.281,1.9132081421080984
B0005,20,1.8470259949329193,0.04466870036616091,0.06945627304536996,2.632142800798914,4.187614060563439,3.5520375235511907,32.37143341978575,38.44749852224995,3591.734,1.8554552597994574
B0005,21,1.847417311283644,0.044843430573346096,0.0679720560130687,2.5027764692056795,4.1876287811083985,3.5525668436897124,32.70024990461686,38.992275791716615,3552.297,1.8747434663359825
B0005,22,1.8361774213478947,0.04510114851143001,0.06852832896000328,2.617507742871704,4.187447226312926,3.556794038327039,32.32266411829938,38.51424197364312,3531.578,1.8738792670691689
B0005,23,1.8257807475776242,0.044172075577171746,0.06804449516996176,2.694074478000972,4.187344026387161,3.5614100044534203,31.98795810666763,38.165816144899125,3492.907,1.883276367037806
B0005,24,1.8251136435078368,0.043786628196075913,0.06845021227072765,2.6237674644021887,4.187438187636325,3.5566107947817986,31.894456524691385,38.16526203587147,3511.594,1.8733320556361162
B0005,25,1.8255815042203762,0.04463932198878524,0.0683410113732366,2.5010798299873738,4.18774138117799,3.5586742170266272,31.78039681801023,38.27549578575718,3431.9370000000054,1.9139789784762269
B0005,26,1.8140311275083907,0.043558785775475374,0.06868237655872211,2.6849988185249796,4.188261122540052,3.564103182686905,31.688747146342205,37.982160799183106,3431.125,1.9031048926498
B0005,27,1.8147691941158939,0.04526547818261783,0.0681437253042456,2.547109116468133,4.187338767288234,3.559588063594272,31.596747992569153,38.11100191887773,3412.406,1.913471143750189
B0005,28,1.813969388710352,0.044483715777434665,0.06782555719716843,2.471314764334132,4.187560306288175,3.556833231052199,31.565586498787077,38.18831137948753,3410.688,1.913620909902553
B0005,29,1.802765665167823,0.04441416485910045,0.06885805241213436,2.6613903306108773,4.18805176248713,3.5624410850948944,31.59124667045208,37.998541119085836,3410.718,1.9026476995844432
B0005,30,1.804077040117352,0.04453544590029642,0.06779434699116274,2.541762355407921,4.187667484260542,3.5591407106855666,31.603485399391182,38.194201649765226,3392.719,1.9130823665540544
B0005,31,1.8518025516704486,0.04502135245555801,0.06940408185539676,2.628919415830567,4.2010701773378685,3.5573161327793144,31.91556385491565,38.45796400011448,3470.672,1.9206226860865134
B0005,32,1.8307038456739428,0.04646251600050638,0.06993774302336724,2.6312552691827045,4.1996223345495824,3.561870782772737,32.081128118597164,38.49126351534004,3414.109,1.9298947547733054
B0005,33,1.8199041089501267,0.04772385451119983,0.06950417544214327,2.654880745360911,4.199853323702163,3.5617586337260088,31.849792632896243,38.31473393357882,3395.219,1.929319271264108
B0005,34,1.8093079637028517,0.04694022963323793,0.069661211991841,2.6749688422803803,4.199103467081427,3.5597307651083123,31.465690433362017,37.861934640176806,3386.0,1.923358415235126
B0005,35,1.80460990458052,0.04702798243208013,0.07112946749607083,2.6159705726789904,4.199998536865001,3.5575937553540915,31.40934895665031,37.90665575786083,3368.187,1.9285088406920838
B0005,36,1.7993770651972192,0.047755380262671634,0.07167079612312527,2.658447162110498,4.19967522099872,3.5597237883937995,31.902247475518077,38.34003238560517,3368.266,1.9231516515854177
B0005,37,1.7884432335370462,0.047022939446838434,0.06976696183555635,2.6979426084271156,4.1991847248803165,3.559061771422033,31.649024294808623,38.0745950590744,3358.719,1.9170640150939449
B0005,38,1.7829230484252723,0.046245370477528074,0.0719248993978976,2.6617272246516333,4.200012480335,3.557015527748059,31.48874626238971,38.07252758016199,3339.5,1.922067492364195
B0005,39,1.7730337158018288,0.04618610336751238,0.07193787056034481,2.699288287625812,4.1992373656547874,3.5562481933590964,31.329995610092634,37.80133585100446,3331.265,1.9162697587781747
B0005,40,1.773037755078937,0.04773737014313117,0.0703395836124857,2.6127932408838532,4.1993957811187075,3.5532756526091784,31.569551201845574,38.39873985476869,3321.188,1.922122706502154
B0005,41,1.7678721106662054,0.04838334154876506,0.06973812701544792,2.6637064901468075,4.1995786980260705,3.556266431640255,32.111426258867944,38.74929237918251,3321.844,1.9162735319343263
B0005,42,1.7623150704093087,0.048037510039299486,0.07012511424776673,2.6668454289754746,4.199546957512695,3.5563095420140822,32.271676011112376,38.87275464755104,3311.828,1.9159257340976645
B0005,43,1.7676172924938447,0.048086960073381944,0.0697134641311117,2.684431051981017,4.194091469340824,3.558950851054106,31.842291659678658,38.503541429116005,3327.391,1.9114464682592052
B0005,44,1.762668359743147,0.048086960073381944,0.0697134641311117,2.645224362345869,4.200715235801255,3.5534418211598053,31.759815453754253,38.27009094548294,3312.078,1.915844717074932
B0005,45,1.7517304870664143,0.04754728174038817,0.07318009891168203,2.6603527244917,4.1990980807180325,3.5510121537420285,31.41911167391793,38.11684755251712,3293.172,1.9151339148316244
B0005,46,1.7418496047960008,0.04764092098948851,0.07165247326552959,2.6926849789916263,4.199398534411534,3.551317608213948,31.331626572312267,38.04152715355532,3275.328,1.9148572716406749
B0005,47,1.7360913511847138,0.04842436953177311,0.07249983749010006,2.670544734728978,4.199122915612965,3.549003180550162,31.35934131425137,38.17980302242767,3265.016,1.9144233171408105
B0005,48,1.7936240148573608,0.04842436953177311,0.07249983749010006,2.605158060541757,4.190409478081396,3.5597648340955175,34.31088483888259,40.71218198711114,3328.937,1.9389033648133622
B0005,49,1.7831890223273275,0.04943074564871873,0.0701407541984291,2.672012007453096,4.199933846791869,3.5623454342368555,33.43585640373788,39.885261233152924,3329.266,1.9275345758657751
B0005,50,1.7673642076278957,0.04974822543014387,0.07112993844977841,2.674271233724938,4.199365021329158,3.558336657621618,32.66698125020078,39.18287352945846,3301.579,1.9267295232904682
B0005,51,1.7570177850353066,0.04988486594475391,0.07198302765125617,2.6309416727017187,4.19902365945384,3.554013138622869,32.28423408691397,38.951564804030774,3283.563,1.926172441865584
B0005,52,1.7468706179837907,0.04921638093217895,0.07146374397937286,2.6629725743154204,4.199432142144215,3.552376095886298,32.00739178780946,38.607510759873634,3275.125,1.9202943078313002
B0005,53,1.7417172507457144,0.04994593893656341,0.07088704261645878,2.612942119873717,4.199640922827531,3.549618661283733,32.06387071886056,38.920359903369054,3265.656,1.9201149196706926
B0005,54,1.7364225056478186,0.048969605147940264,0.07178168505217358,2.6157198442661476,4.199305653118061,3.54938103086703,32.43754560319043,39.23273115358871,3266.093,1.9144411095695255
B0005,55,1.7263217239235826,0.05022937602514056,0.0718319241428618,2.6287695472774453,4.198949734540481,3.5472118680418956,32.16809876635083,38.964927068400804,3257.594,1.908381358995133
B0005,56,1.7158065389330133,0.04971526662508074,0.07139027154395669,2.6655106679421823,4.19834220599025,3.5467052098640246,32.05752645824972,38.83927283461771,3248.593,1.9022223526493423
B0005,57,1.710533351135192,0.04913216601843565,0.0724518691988788,2.650495153350403,4.198995776266302,3.544629653883431,31.975920928072714,38.82796377704433,3238.766,1.902069533708128
B0005,58,1.706014499648521,0.04920968322529824,0.07304025099509703,2.643236235233877,4.19916986492694,3.5436291614253204,32.21689335291319,39.14007944734004,3240.14,1.8965332154034205
B0005,59,1.7003110272642588,0.04950631616559385,0.07251082944035009,2.656450207001938,4.199246833083063,3.5444946147995258,32.55632993697177,39.349611598028886,3230.109,1.8959927229678666
B0005,60,1.6945798601797895,0.04865176277959679,0.07201762091170956,2.626177688152069,4.1992551886401595,3.5409201846556857,32.40048085325998,39.29444535878087,3229.7810000000027,1.8900332987976025
B0005,61,1.6849029086609286,0.04916575568371288,0.07316993618002728,2.6582230344240045,4.199610827671791,3.541195668799061,32.29371860868794,39.10487658009542,3212.469,1.8893934935378442
B0005,62,1.6744741591159717,0.04923427342088277,0.07277120733743579,2.695100237338448,4.1994453812630566,3.540671044783382,32.136071448067796,39.0462609369598,3213.219,1.877705395568618
B0005,63,1.6745692479879102,0.0505475864921389,0.07270866794574943,2.639091813583503,4.198991968341307,3.5376048790268775,32.38268549723498,39.398032192832,3203.578,1.8831949982887424
B0005,64,1.663716375981405,0.050118814742107526,0.07301041089661342,2.6857210282450983,4.197785116892181,3.538422485261741,32.30899951427637,39.10678394120843,3195.125,1.8764452364443795
B0005,65,1.659013868748246,0.050118814742107526,0.07301041089661342,2.69017866510873,4.201331130571617,3.53928626988912,32.56636929496716,39.44448954135193,3195.3129999999946,1.870973160299051
B0005,66,1.6538540573335014,0.049792567319026114,0.07343650361620202,2.639895313359579,4.199339974904826,3.533690170241391,32.46542951751835,39.509602016775695,3186.297,1.8705690143479228
B0005,67,1.642653782130131,0.049865378066600005,0.0732133898164959,2.68991452927918,4.198916244859707,3.534367734544495,32.347056454418095,39.334865362245324,3176.438,1.8640262698477292
B0005,68,1.6378578430223698,0.049811932785538866,0.07459618605206403,2.65935818848874,4.198537488587242,3.5312941932103548,32.371538940646154,39.43723270017243,3167.593,1.8637043892758263
B0005,69,1.6327350407099108,0.04850673488997184,0.07458309776342148,2.6657030585650423,4.198943932259475,3.5309134771684274,32.45549347979197,39.51375235624076,3167.719,1.857873177974908
B0005,70,1.6277528915533617,0.050023074203339506,0.0736638387977965,2.642986759012803,4.199579806494986,3.5287226893409893,32.50017194695606,39.60170302810528,3159.077999999994,1.8572543412119842
B0005,71,1.622125485521159,0.05020469043786587,0.07371885821597624,2.6311169118893036,4.198782234828033,3.52625493581969,32.50100298369444,39.687463597582074,3148.829,1.8568772359904624
B0005,72,1.6113256603765849,0.04975857340773159,0.07465617760875586,2.696157404617167,4.19910517813207,3.528684324337005,32.4728927422438,39.53535075538898,3149.094,1.8449420023406096
B0005,73,1.6065631397488385,0.04968675503783295,0.07355425821939737,2.6667596238241567,4.198510853141954,3.525556939424901,32.50480154634882,39.6502371632164,3140.547,1.8444613866204569
B0005,74,1.6015142233917594,0.04995005707049774,0.0746229428074614,2.6403185448373043,4.198732430468704,3.5226805646793737,32.51218336210202,39.69929058154853,3131.625,1.8439309256979097
B0005,75,1.590369231400328,0.050282564251258356,0.07360391142336822,2.69892986372897,4.198799630396931,3.524673458789008,32.45692821941515,39.56076309770468,3121.907,1.8371650795865604
B0005,76,1.5857889968242211,0.04992007781904663,0.074642062777058,2.6682466504352993,4.198753541225669,3.5213155754526824,32.447059186431154,39.63708096307912,3122.125,1.8316434831262063
B0005,77,1.5849430707374117,0.05007996435013632,0.07547710929281527,2.6479207279724903,4.200309982421394,3.51803386486462,32.32889654966259,39.43977047692484,3121.672,1.8311750591767433
B0005,78,1.5955263892495937,0.05007996435013632,0.07547710929281527,2.6741633856529066,4.201124089732316,3.5236841955396794,32.84488475360107,39.839022256254516,3120.86,1.8433261115953903
B0005,79,1.5747301747801037,0.05487320211540928,0.07934403644117197,2.6892528956736257,4.198150316653697,3.519146638240668,32.31731555011648,39.41794949618613,3103.828,1.8298408761937657
B0005,80,1.5649019950937946,0.055240499862766274,0.08002359358228964,2.688809122993162,4.198524048997099,3.516233648608237,32.06376130177751,39.262781682151214,3095.094,1.823708460193854
B0005,81,1.5597659473370362,0.055080368328742545,0.08045008161921993,2.6743555987897745,4.198840869468569,3.514773138461639,32.21997626855924,39.47237839941986,3095.781,1.8177240286719039
B0005,82,1.5594815668184234,0.05484578494342528,0.08099527914390654,2.6430294964336345,4.198119631667182,3.5132992979150073,32.7120225448885,40.037541469513684,3094.328,1.8179607964048694
B0005,83,1.55468935359061,0.05808949268604193,0.07900611376190819,2.6584858447131823,4.198320288264955,3.514484830704665,32.945022147355694,40.142730162011574,3086.531,1.8172828219040265
B0005,84,1.5488741079890418,0.05639999430512618,0.08181491967012575,2.629782173759164,4.1980467610750285,3.5109677353595243,32.857549597381336,40.1165626728546,3085.625,1.8110596769358045
B0005,85,1.538236598942558,0.057159147914507935,0.08086696623694065,2.6622967647315545,4.199047008209673,3.5109358749578012,32.629663328789654,39.87503330866132,3067.203,1.809523960162879
B0005,86,1.527914258251028,0.056998793862942924,0.08250100764416027,2.682380966742509,4.197669918520713,3.509393098217416,32.379859014262976,39.61961987024145,3058.157,1.8026791040807892
B0005,87,1.5285252629756445,0.05791594677751306,0.08175057083151278,2.6401894768922713,4.197600624105256,3.5066782411556563,32.68215852457039,40.067324667444815,3058.812,1.8032065293561197
B0005,88,1.522647325284378,0.0585831887959693,0.08269416457353587,2.693769409137257,4.197985718630326,3.5109885623008092,32.99387423636739,40.24716716520102,3058.578,1.7966214118109363
B0005,89,1.5174859938489869,0.05684411239635824,0.082272625759776,2.695787450704935,4.198164128530042,3.510305462695178,33.04539707211165,40.30253125568348,3049.328,1.7960332728517656
B0005,90,1.605818899130659,0.05667203462955093,0.08291573296417665,2.6920548172137724,4.222920057935785,3.5222215314850214,32.856295641052824,40.09418103142496,3177.219,1.822944713643187
B0005,91,1.5638491446744425,0.058223361510524915,0.07615092115486195,2.629071246219689,4.200423045909808,3.5163492154331264,33.33950238056361,40.52238496316615,3082.937,1.8294710216423313
B0005,92,1.5480915247767786,0.05869361561103209,0.08099673983388944,2.631343871050918,4.198372063670128,3.5134397623234963,33.35156485472646,40.56886357314186,3074.266,1.8163541106104555
B0005,93,1.5323755631868592,0.05687355099054793,0.08079234772463807,2.6983970036642315,4.198353213898968,3.515137522009075,33.147486361012966,40.27804845768325,3066.0,1.8034084947236912
B0005,94,1.5269528268489705,0.058401226760293384,0.0816166339541188,2.6338485871981514,4.197873789078739,3.50830390643132,33.007275861749356,40.2921849196155,3056.437,1.8027403040636887
B0005,95,1.5169573017136326,0.05713926164978321,0.08203042743610463,2.671566207861818,4.197955644238241,3.509190808443004,32.91990812745461,40.184384347174266,3048.219,1.7959087273263283
B0005,96,1.5118975960142693,0.056846750542401,0.08430934905296765,2.6540810507928123,4.197918434710392,3.5068097579555353,32.99903328622305,40.320066232195046,3039.218,1.795435245909757
B0005,97,1.5065638960681105,0.05971458306876328,0.08128077873787101,2.656849703962618,4.197739340034368,3.50609090727422,33.03772281691292,40.336505612651585,3039.047,1.7893867442508242
B0005,98,1.5015453526671363,0.057876489486257204,0.0827621596207595,2.6363048614501152,4.19785490446139,3.5037157727265953,33.07740307192613,40.43267631588412,3030.375,1.7884515415769178
B0005,99,1.4908444050400238,0.057106052592570886,0.08389339159553517,2.69951692300468,4.197306756122815,3.5067479961367156,33.05467981523988,40.314538591575015,3021.0,1.7816042586946859
B0005,100,1.485868384561201,0.05832440115222774,0.0823356083860003,2.698216006032282,4.197528212001444,3.5058813026542324,33.11570360624461,40.386661855917744,3021.75,1.7753188621341638
B0005,101,1.480413677976106,0.05853988727737317,0.08259957408588693,2.6911707598773864,4.19743662221161,3.504168333530808,33.12942148982364,40.43384612547835,3012.265,1.774316365086602
B0005,102,1.4752095869031632,0.057610002271573896,0.08361769407052744,2.690162319231471,4.197717228550219,3.5030568931470634,33.130681310493344,40.44479269068758,3002.641,1.7739323101229758
B0005,103,1.4859035988304024,0.05687744083786221,0.08453629957179691,2.6355034454892072,4.192454851360723,3.4982324882487936,33.20069210329718,40.58499656066617,3012.0,1.7809908306486102
B0005,104,1.4960918298136696,0.05841225795718409,0.07816622903600336,2.6594753656507684,4.202845001527377,3.5065859365661325,33.78697527817091,40.99869158762305,3020.11,1.7879638259714314
B0005,105,1.4808005946928984,0.06019789084807145,0.08377346645248043,2.644554999824577,4.197952808231904,3.501457140697961,33.673365085761986,40.997807625227495,3002.172000000006,1.780299388544082
B0005,106,1.4697543268466824,0.05988352416265757,0.08361156763608181,2.6719601666204564,4.198017952345714,3.501658387162809,33.535818118317145,40.84213757482493,2992.703,1.7731170790561723
B0005,107,1.4539012274845928,0.058875120497055886,0.08370562422038381,2.6598211033173382,4.192162800008929,3.4966186408455298,33.32269982188509,40.69012464267011,2964.468,1.7707046619097417
B0005,108,1.4541462067235693,0.05844518592952695,0.0843513765148262,2.688360455508818,4.196993378341778,3.4991645719433246,33.346230327490304,40.69938049882204,2983.375,1.7601011563823776
B0005,109,1.455023751906683,0.06055121054997781,0.08328051476741821,2.6376728619288525,4.197603515102162,3.496080777360074,33.64948900485925,41.06026204078849,2975.297,1.7656363959382297
B0005,110,1.449042163761236,0.05995025589217596,0.0831904359131708,2.645120521151077,4.196406678544622,3.4959014526387993,33.79269513542102,41.19696040482682,2974.9850000000006,1.758865606625853
B0005,111,1.4386709371480566,0.05956501303684226,0.08487011380929321,2.698012437629632,4.197098662004674,3.49758697990267,33.52446663707275,40.84446688602949,2966.25,1.7517161303689361
B0005,112,1.433445432156979,0.059853349010250065,0.08473917663733575,2.6928942772989077,4.196909312093871,3.4956989619989507,33.39042251934235,40.764203830749366,2956.359,1.751329545286535
B0005,113,1.4333958900838095,0.05874548029308314,0.08711721350349075,2.6483923655058113,4.197105220217278,3.492875380810072,33.67370212742761,41.11212504270441,2956.344,1.7512146419396462
B0005,114,1.42806487344776,0.06083767084489383,0.08490902777488013,2.6832134764261997,4.196244829545076,3.49551076423368,33.91080564765892,41.27256611507568,2956.406,1.7446714395475946
B0005,115,1.4229203181741186,0.05993762786815949,0.08479950183605617,2.684960445221862,4.1968026018066595,3.4942333590450834,33.7850680599871,41.15574924454392,2947.266,1.7436703980732875
B0005,116,1.417429032731308,0.05959588691816853,0.08518775171680287,2.669922120529456,4.196227405416926,3.491197414255986,33.61126807392732,41.03237216951879,2937.984,1.742586639640644
B0005,117,1.412409228794446,0.058400743519397356,0.08632938236969102,2.664105530655056,4.196558172556389,3.4889094081576237,33.45598581472246,40.937269906716935,2929.125,1.7420413740670528
B0005,118,1.412578792940193,0.06260506440345279,0.08502111899525971,2.634098605983684,4.196870541112335,3.487376295811431,33.723267448788484,41.240704611971786,2928.454,1.742181032221019
B0005,119,1.4075983731469897,0.06115195391732467,0.08485577620272611,2.68378702970616,4.196795527524874,3.491994243745711,34.050076369857344,41.43649987692296,2929.375,1.7358994681512463
B0005,120,1.4333920485221476,0.059630601199984506,0.0850345675980089,2.660031949282934,4.189287343772767,3.491585878898649,33.889346908026745,41.16703904201915,2946.031,1.7568416780989415
B0005,121,1.4382550176792908,0.059630601199984506,0.0850345675980089,2.650011641082063,4.201144545237731,3.495576227046425,34.067648550088656,41.36216559728765,2955.438,1.7573416780114148
B0005,122,1.4173547174485526,0.060986669920577066,0.08583976882422588,2.6936969083341418,4.196925753814179,3.4938988589692483,33.75168100943646,41.02198772703674,2937.625,1.7428335857439643
B0005,123,1.406981663677643,0.06100425704109886,0.08588436114872877,2.697073130067154,4.196901090271507,3.49159162968384,33.46482299584788,40.78818812957494,2929.078,1.7353504197544476
B0005,124,1.4012037783587625,0.06232914782727364,0.08822161138920462,2.6806995515145213,4.196688955833435,3.4885729299834787,33.40210697922146,40.81506138506309,2918.375,1.7344921598262548
B0005,125,1.3967008232726328,0.061502762788551504,0.0872699062901812,2.6695398084864568,4.196339302740304,3.4869021151089825,33.410688917712235,40.858374219876424,2919.812,1.7281729028527344
B0005,126,1.391284788852726,0.06141907994833745,0.08720378292525818,2.671695307817951,4.196181412764837,3.4855485210036417,33.38984948261314,40.839876773287166,2900.422,1.7327380581794602
B0005,127,1.3862287677978349,0.06121665145307191,0.0872819262712242,2.661289185949965,4.195770804194879,3.4838912547260388,33.3700433438796,40.85376069244676,2901.375,1.7261256572869232
B0005,128,1.3804366761974138,0.062704070176938,0.08679111809854424,2.667817533540102,4.195456241846729,3.483198941484065,33.27215987470977,40.74795214258888,2901.187,1.7195921297098775
B0005,129,1.3752364150256224,0.06172613583587411,0.0883779260119075,2.684008069130594,4.19654355365607,3.4836274447098883,33.222444215660225,40.68794001196382,2891.64,1.7186729733031645
B0005,130,1.3705128024895008,0.06185223703499693,0.08697922184678317,2.6585256208771644,4.194357133255019,3.480172442538601,33.26207748383125,40.7810749453613,2882.906,1.7177612585976265
B0005,131,1.3705085566270399,0.06310358102659182,0.08852234569242505,2.6372250579822927,4.195863681881766,3.478452148610975,33.312029905516525,40.88159339768709,2883.265,1.7177329322613766
B0005,132,1.3647355108681518,0.06228746060457266,0.08923087570947913,2.6514257735606432,4.1955845546644195,3.4785782556105507,33.25287943255863,40.81191473576834,2882.969,1.7110353118434487
B0005,133,1.375392016895762,0.06270549893166993,0.08838724457648714,2.676384659108382,4.188483624251573,3.4825195584604582,33.745054045019884,41.11793533148924,2891.656,1.7185210755483786
B0005,134,1.3861115151535393,0.06270549893166993,0.08838724457648714,2.6949138502817815,4.200346502821317,3.4886823636752826,33.88841975386692,41.248795355864885,2901.25,1.726125961990839
B0005,135,1.3698500035838939,0.06270549893166993,0.08838724457648714,2.6973343716306273,4.1981749992980655,3.4858502383832755,33.7353756996425,41.16242984455477,2891.703,1.7120885729908761
B0005,136,1.3647827949260758,0.053286381622558374,0.08156856568421471,2.642540259937964,4.195715092938243,3.478794177297151,33.59131052719714,41.16437554618679,2883.016,1.71106364626804
B0005,137,1.3543220466259964,0.05293147474045376,0.08275693411495888,2.699226257883075,4.195755769877104,3.4812826020756744,33.32366688599416,40.864216180205034,2873.453,1.7035375089466078
B0005,138,1.3546417018378962,0.05588929297745871,0.08226321054006082,2.676480329780849,4.195911764444989,3.480352041587074,33.691961507697364,41.25434553511566,2874.031,1.7036071702962703
B0005,139,1.3547039213192407,0.05841778368115902,0.08029809490533976,2.642142168479886,4.195824004004723,3.4781127815565127,33.887639684793655,41.45023191903855,2874.234,1.7035685717882711
B0005,140,1.349314997503458,0.056411433170262516,0.0819223123309917,2.644725254926797,4.196258226051591,3.4765867130506125,33.67308060941856,41.27708509224051,2864.984,1.702464907947373
B0005,141,1.3441891937970554,0.05568015964086863,0.08177399086572994,2.632270655366611,4.196612664794988,3.4733769291841643,33.411988203265814,41.064605154983276,2855.093,1.7015205789200152
B0005,142,1.3389913790695755,0.056210257603528525,0.08328067168438782,2.6391006118876117,4.195850781215982,3.4726366397371127,33.29926524979532,40.99284868101728,2855.625,1.6950971191972488
B0005,143,1.3389145230206971,0.05579452141186236,0.0829501208969064,2.637841830893275,4.1960023929619235,3.473439372740961,33.59980731390034,41.29040553417739,2855.594,1.6951381657999567
B0005,144,1.3340066759761655,0.057799714665998925,0.08190303229216056,2.668286095904868,4.196207586734141,3.4754777099091454,33.61961195858585,41.22740227746052,2847.437,1.6938434166682605
B0005,145,1.3286444309174914,0.05577529472858128,0.08294674118422612,2.6490198126838553,4.195534582569042,3.4722884821666766,33.3945201718652,41.04619550953222,2847.36,1.6870685008325677
B0005,146,1.3231708992276219,0.056559391313402284,0.08237490117893426,2.664058512378051,4.1957439573980455,3.471373665098864,33.16734508187535,40.85874389007758,2837.328,1.686176897624517
B0005,147,1.3181691588445197,0.05334424687864744,0.08448562230827522,2.6883611693898826,4.19586805747139,3.4726160162875095,33.10962161613893,40.79196924883506,2837.281,1.679631387412014
B0005,148,1.3184664436640334,0.056262478978249195,0.0830662312193171,2.6869753836302124,4.195347750909715,3.4738146874457896,33.46501751186519,41.14127834456325,2838.515,1.6799130549815409
B0005,149,1.318293040102702,0.05339424998746291,0.08335635527903888,2.6507536817766586,4.196065828878837,3.4701426486639693,33.4426191014044,41.14429319149828,2828.328,1.6852915714728478
B0005,150,1.323872422244268,0.05854525235071128,0.08836885185980756,2.6646322789106516,4.184534803011309,3.467523652225441,33.037928170775885,40.66184230912503,2838.265,1.6864392611782657
B0005,151,1.3601216766554785,0.057849417299627566,0.08078773867849699,2.6400211837268666,4.201240476440081,3.4767525840839255,33.4949493613756,41.046694544970684,2864.547,1.7159024738365054
B0005,152,1.3395306867947354,0.06142385686894261,0.08496390395839584,2.674198661305034,4.195703567262997,3.4758956827369127,33.491363029025784,41.0462053156659,2846.39,1.7008216421492013
B0005,153,1.3290286565120697,0.05952338030179974,0.08720833121299235,2.696427051131168,4.195744519551191,3.475812179626641,33.329808599922345,40.868302643225604,2837.969,1.692959623824647
B0005,154,1.3236741274998955,0.05926159085880675,0.08777868669454861,2.6928340297696836,4.196363050482315,3.4746554404904435,33.27302769298771,40.85283588259973,2838.156,1.6862374025220268
B0005,155,1.318633896753293,0.05952378458944331,0.08843007755224046,2.681747855329962,4.1957929878569455,3.472301781313945,33.229879126701434,40.85270645265791,2829.843,1.685131143949628
B0005,156,1.3134751321324272,0.05967664811705819,0.08584374973711092,2.696791414385091,4.195797286482793,3.4729305773503527,33.20860833999321,40.8263251809212,2829.625,1.678558960713055
B0005,157,1.3132020634442203,0.05975988463048883,0.08662483639594361,2.664695973142795,4.196349384378125,3.4696192030612285,33.236115055926255,40.90308836809665,2819.437,1.6840474088907802
B0005,158,1.3077959946944353,0.05950259165745283,0.08636882918668189,2.679191623358613,4.195609431921248,3.470018470757559,33.18660088296571,40.84337405460518,2819.579,1.677449503040883
B0005,159,1.3030329186405918,0.05955598055289399,0.08821831541627395,2.699983457940659,4.195339917236225,3.470762691935287,33.174058099115534,40.81792110626284,2810.672,1.6764769465467926
B0005,160,1.3033573559038205,0.05949136479118529,0.08873029794077426,2.666300786624286,4.1954020570061195,3.468111467035994,33.253984518546055,40.946993847659506,2811.485,1.6763557084011527
B0005,161,1.3034100438655642,0.06052114924707915,0.08753623977970666,2.6308501373847837,4.195685302232799,3.4648625780221494,33.3198093248819,41.074938058306316,2802.422,1.681903812546276
B0005,162,1.2978870806495706,0.05982677899726283,0.08853801860235527,2.673348140468748,4.195561297751176,3.467864133752208,33.33765795318198,41.02476444658572,2801.625,1.6751538331374711
B0005,163,1.2980735056918902,0.057944393691446945,0.08890519876854222,2.632763831012711,4.196066962029683,3.464021404592563,33.29076744042025,41.06214198725253,2802.031,1.6753870332687708
B0005,164,1.293463613844243,0.06175931225184275,0.0847212726764891,2.6687371180046218,4.196640912532072,3.4664623858156745,33.27568841807217,40.98366325567302,2793.39,1.6745175551626736
B0005,165,1.288003392619118,0.05898908039586478,0.08573621892771217,2.696396337945361,4.1956235749123225,3.46850906693551,33.32067807371405,40.98234242711097,2793.39,1.6675147261111667
B0005,166,1.2874525221379407,0.05763029720163586,0.08742389347930328,2.6794834862925194,4.195862008850563,3.466806213058136,33.37314972896719,41.06375085817118,2792.485,1.6675463612314736
B0005,167,1.3090153642307354,0.057823749393303175,0.08975687046479841,2.6787137407179737,4.18482689434833,3.471070722008039,33.71351889594897,41.047029587744966,2802.016,1.6889369086237116
B0005,168,1.3250793286429356,0.057823749393303175,0.08975687046479841,2.655378369801326,4.201968615940368,3.475472204020004,33.86531768239223,41.051007697556734,2820.39,1.6980469256755544
B0006,1,2.035337591005598,,,2.4757677568281857,4.179823027658306,3.556946061827572,32.142777859921516,39.16298653238707,3690.234,1.9905377543149845
B0006,2,2.0251402460314116,,,2.35152551190002,4.177288238505559,3.56147580138708,32.29307515705474,39.2462026826329,3672.344,1.990277542145709
B0006,3,2.013326371345464,,,2.4404797151065436,4.1781213228922995,3.5667524696413215,32.24414709253608,38.999202460252846,3651.641,1.9899467848963859
B0006,4,2.0132846655407413,,,2.4791558539003917,4.1785623580417175,3.5687953371516272,32.14711742429942,38.843627771866515,3631.563,1.9896029706719567
B0006,5,2.000528337624771,,,2.280187848173442,4.17824995156942,3.563970503289941,32.06687277315468,38.97798888258284,3629.172,1.9895483606575701
B0006,6,2.0138990759931645,,,2.4392842568466446,4.193216523251186,3.5735512387791406,32.03447836207717,38.83989920742278,3652.281,1.9901040351037365
B0006,7,2.013101105626967,,,2.2812068449406446,4.193732603145628,3.5711391343785897,32.11157496697372,39.04610837498471,3650.828,1.9900886222380372
B0006,8,1.9687898262728398,,,2.366410527029613,4.176826628115461,3.5681507462163036,32.112576242471775,38.87507521022778,3572.453,1.9891170520197212
B0006,9,1.9681661764334244,,,2.436020049578708,4.176369138969733,3.5692834155812436,32.03566207329278,38.7260539826455,3550.594,1.9892116643905464
B0006,10,1.9572307917560536,,,2.1864377487643725,4.176897989902666,3.563388513484579,31.99527968872302,38.98629728904917,3551.25,1.9891927045376199
B0006,11,1.9455991514129352,,,2.3406023605912454,4.177579509962451,3.566658719765511,31.874127571841353,38.65978861919643,3530.25,1.9891317699701738
B0006,12,1.9347505044841131,,,2.4263021374140443,4.177996110793395,3.5687035970122842,32.120959708576166,38.84979195732924,3491.016,1.9887805507702212
B0006,13,1.9232799539368028,,,2.4753697700007034,4.176316409477926,3.569207084156356,32.11021168908644,38.75128344015104,3470.281,1.9887320866401275
B0006,14,1.911889930948487,,,2.342364523655007,4.1779924550101715,3.5659271296109383,31.989061278918154,38.76853764058789,3470.0,1.9887200290368634
B0006,15,1.9010667141979305,,,2.188400081882664,4.177439981618572,3.5612417270649486,31.878814448635442,38.84686112344348,3450.297,1.9887874042287874
B0006,16,1.8891989948061458,,,2.1206980945954057,4.17561570814845,3.557881987836072,31.767450711024402,38.865889781652804,3429.407,1.9885910895930397
B0006,17,1.878278372248849,,,2.369981457799298,4.177602520456299,3.56282437243777,31.78991634963658,38.647578733807656,3409.484,1.9884996811951434
B0006,18,1.8675697161520206,,,2.247991649924625,4.176354539745044,3.5591953280168633,31.82883467218067,38.79218188173866,3390.422,1.9883511225658228
B0006,19,1.8675892574453767,,,2.4115317107898875,4.177450270459645,3.5580906165580983,31.890449470827843,38.77022223929529,3390.281,1.9774549866256104
B0006,20,1.979626548250818,0.06123359021000344,0.0785415394665875,2.2033558468593775,4.174584178175673,3.565899462157853,31.51177053595285,37.54320599748628,3591.734,1.9892449305971969
B0006,21,1.9575499080884022,0.06062991544979002,0.07802409378290423,2.35887751155593,4.175224020262452,3.570814209348872,31.874488497680712,37.90362577530197,3552.297,1.9890474874073771
B0006,22,1.9458150170787551,0.0608598716542857,0.07840240203025303,2.218672914041916,4.177217300859919,3.5666817833633124,31.53911453638972,37.6701605139887,3531.578,1.988682950523383
B0006,23,1.9242461121680094,0.06006450818180178,0.07807093382204865,2.339723057947995,4.176681511062203,3.5668392745025836,31.220866832188786,37.34166959188387,3492.907,1.9885503931265138
B0006,24,1.9459811331421641,0.05913130853407464,0.07795570757873038,2.3997508208942735,4.190384318239257,3.571051969392875,31.119005145018026,37.28979017254232,3511.594,1.9885639445355097
B0006,25,1.901407930553079,0.06059698754511872,0.07938182566133384,2.491410879472442,4.176973413125379,3.5666308474029793,31.033244078156734,37.16794481484507,3431.9370000000054,1.9880563928902786
B0006,26,1.878674213680085,0.0604355089729667,0.07949409294266127,2.1387303309558976,4.1734521552365464,3.5527392240854914,31.001249222460967,37.51577848501052,3431.125,1.9772969675547487
B0006,27,1.8683061328264219,0.0598822703747387,0.07871218357298479,2.346064498302046,4.1764585468168685,3.5560959755046615,30.921434744041356,37.24165964092258,3412.406,1.9771693646864965
B0006,28,1.8560244070082998,0.06058721482266893,0.07989533922911993,2.327337743316428,4.17626102066065,3.5504500858303394,30.929360248207214,37.27233216178077,3410.688,1.9660409689641987
B0006,29,1.8451997961855777,0.06090836519034555,0.0797490751361702,2.4863117233366316,4.172855540858831,3.546007083640312,31.00810965793079,37.207134503019795,3410.718,1.9446151093535715
B0006,30,1.857228890885317,0.060369152473069135,0.08014506815871338,2.2921663510920895,4.1881878017349035,3.554257954720065,30.96779499306422,37.49607769896255,3392.719,1.9769353023702758
B0006,31,1.9247760889090635,0.06209144685667864,0.08164302964777198,2.4343006861812118,4.189991619197343,3.555857469677978,31.10097217303459,37.250073961181094,3470.672,1.9997552547832569
B0006,32,1.8822317526092551,0.06232003183337441,0.08021169162372531,2.472619908000758,4.186982490201218,3.5537306734803207,31.307368922041046,37.39699052067588,3414.109,1.988435645814164
B0006,33,1.855276687885587,0.06189122330035962,0.08120805787615462,2.403422072720937,4.1864831065416155,3.5452650003621513,31.131339987164562,37.2852066420257,3395.219,1.9771310999966942
B0006,34,1.8392508917181876,0.06171642129064926,0.08150165216580176,2.4006679782182205,4.187721936001791,3.538408778928339,30.828713779105055,37.080390421974414,3386.0,1.9657121749650674
B0006,35,1.8185396073994429,0.06199878481176484,0.08138761044036787,2.3194299432177345,4.184171356892756,3.5297688311332673,30.761533072057244,36.98024266357476,3368.187,1.954259908493909
B0006,36,1.8134770059567056,0.06250406054880163,0.08169124692338582,2.3401731734980076,4.186779863144672,3.5300676840423306,31.30305692941581,37.598741245467004,3368.266,1.9490645317083881
B0006,37,1.7971018450305436,0.06201388686472383,0.08131610081343171,2.3829603510808774,4.186482965601712,3.5248882875629555,31.06432144678013,37.33680914521836,3358.719,1.9373603063774296
B0006,38,1.7810046294120476,0.06183019217410585,0.08120435160553863,2.351855540704836,4.184741677172267,3.5190926887152725,30.96654665282149,37.39499820465976,3339.5,1.931265607613736
B0006,39,1.7710130422682329,0.06282694657880761,0.08347157844651079,2.3535104841115886,4.186114015167315,3.5151810230271,30.826455697992966,37.35233964342659,3331.265,1.9254165161128032
B0006,40,1.7604712448170943,0.06349817571333986,0.08385488671663242,2.3948058223938364,4.186378094589789,3.514029112834162,31.080769482413952,37.58677381866742,3321.188,1.9198513516096092
B0006,41,1.7502913788006587,0.060945139936148515,0.082015904986437,2.4418858444380294,4.185742966026202,3.514139684003936,31.694287817425337,38.207044569893476,3321.844,1.9087413975281489
B0006,42,1.7394925037732578,0.0639175801612165,0.08216571708748939,2.391848815367812,4.1849954235358595,3.509578354212467,31.875581783696685,38.340431886092745,3311.828,1.90276801874341
B0006,43,1.7546766553637203,0.06223664045181756,0.08227519539898062,2.3166154227865463,4.175622772952551,3.5110708693292705,31.543288143901563,38.521539672721865,3327.391,1.9093310200805393
B0006,44,1.7659390941842175,0.06223664045181756,0.08227519539898062,2.4110989960643794,4.191704957733779,3.5159179315855056,31.420983409991024,38.03707160241571,3312.078,1.9306457089007387
B0006,45,1.7337887419624838,0.06203106446308808,0.08319177703888532,2.4510125175432287,4.185468369564667,3.50585340727078,31.15837149963786,37.934285687720596,3293.172,1.9071188100787417
B0006,46,1.713325912040734,0.06250649038034015,0.08426848073493345,2.471216186082459,4.184201889006967,3.5010379345914444,31.15661421699882,37.88470784051604,3275.328,1.895357624914609
B0006,47,1.7024077813673466,0.06261533272747599,0.0839721783477321,2.470968641396993,4.185838836583766,3.497407662636496,31.206611383963253,38.065368726791895,3265.016,1.889289515930022
B0006,48,1.82371946178183,0.06261533272747599,0.0839721783477321,2.4288023941361625,4.1729165619005535,3.5388872766749144,33.61169282822636,39.788440481350335,3328.937,1.9819436190557278
B0006,49,1.8081284050314708,0.0645724621588098,0.08034229300933068,2.3551430866643166,4.186982012423103,3.5327430295356828,32.85630077141311,39.212903178007906,3329.266,1.9653354524512165
B0006,50,1.7757610945034283,0.06368615846693702,0.08236363977175419,2.365933525789291,4.186537777937825,3.521214759733266,32.210981559158874,38.66937823121345,3301.579,1.947074974419259
B0006,51,1.7447409841836798,0.06291209789909709,0.08214102281998399,2.3481961394586457,4.182282350256796,3.5093111439506677,31.965090081650274,38.5170065164806,3283.563,1.924171876472179
B0006,52,1.729207034132373,0.06366741172107057,0.08296956725555057,2.46945948630322,4.185961817428056,3.50716091973708,31.744801840189538,38.292505299491516,3275.125,1.9124874175496662
B0006,53,1.7081086552553244,0.06454586928056331,0.08390558187210605,2.4666715880697576,4.1836566973224585,3.500928918686389,31.876564068962466,38.52091685291118,3265.656,1.895029520195036
B0006,54,1.6975954237461768,0.06441730776729335,0.08332080296168762,2.4482931262785135,4.184390004467988,3.4973019898820894,32.24289319481841,38.95436345473558,3266.093,1.8837083786913245
B0006,55,1.6820634524029463,0.06517362934686399,0.08478155339352322,2.4745215382882586,4.184732708741646,3.4929038301187156,32.07305565938816,38.731363854696035,3257.594,1.8716858064147301
B0006,56,1.6714768322295086,0.06359515956336817,0.08418492196132377,2.469127855241356,4.185835940524748,3.488659224822318,32.030140929891196,38.74827601131975,3248.593,1.865490610984191
B0006,57,1.6607591387047655,0.06528547500729169,0.08605041403439097,2.4177173347922416,4.185703389994729,3.4822930804774015,31.984935871368258,38.84227056628921,3238.766,1.8592998515524075
B0006,58,1.651121015038069,0.06653396257005847,0.08674821993371198,2.3775131079338427,4.184887437252902,3.477575664197982,32.23677365476226,39.221381996208315,3240.14,1.8481564914191075
B0006,59,1.6401349256190927,0.06634112534272091,0.08720558299891104,2.443723814618984,4.1845671326128535,3.4787436506489255,32.56097148037261,39.466510899162515,3230.109,1.8415790819015416
B0006,60,1.6291999416165441,0.06590996191117977,0.08712834097374948,2.4324278256917147,4.184590722398005,3.4740152461288862,32.48984985901219,39.352653481724175,3229.7810000000027,1.8297907910631264
B0006,61,1.6088496302961666,0.06605623626692969,0.08756285633165226,2.494085641889116,4.181227276564003,3.4718387718772696,32.42612199208859,39.31890647034385,3212.469,1.817104268059883
B0006,62,1.6035244898969248,0.06590274256382748,0.08820859113319164,2.382347172890769,4.182601669503782,3.463180130644551,32.29984271249387,39.47196886600465,3213.219,1.8111916679086209
B0006,63,1.5989712144027983,0.06791172070092616,0.08831509615303365,2.406668297987779,4.183991041340736,3.463469391967206,32.610757585145336,39.74009698783903,3203.578,1.811311276437818
B0006,64,1.5876273123575604,0.06674377333784236,0.08857968181390717,2.4204142690378765,4.182425008087469,3.46021805164007,32.25699351958767,39.03600072360686,3195.125,1.803806490743987
B0006,65,1.5829719744686166,0.06674377333784236,0.08857968181390717,2.4507845245525193,4.190985194174346,3.462574876665621,32.47193402838835,39.16106395962828,3195.3129999999946,1.7982499291189593
B0006,66,1.567137636713563,0.06641297510611752,0.0895032370200492,2.3930328819230717,4.181860480163402,3.4537077937586056,32.40219271195366,39.20051799483514,3186.297,1.78580087304261
B0006,67,1.5613446139713882,0.06686868471567307,0.08981021390663306,2.3938995980718403,4.183449364094532,3.4514035349888337,32.30987415652578,39.15878418316098,3176.438,1.7850805225230335
B0006,68,1.5511711892790419,0.0675638979208385,0.09093282660720825,2.4373294683003053,4.182943907496545,3.450781146333252,32.35440526839345,39.18225956809825,3167.593,1.7785916660457872
B0006,69,1.5406741606295171,0.06767916633501396,0.09097518732194294,2.3705330061374523,4.182592999177517,3.446105572450592,32.4731363791227,39.38159156766375,3167.719,1.772817292817664
B0006,70,1.5253138744624433,0.0679726933427561,0.09232410955240872,2.351294851260762,4.1775564354981025,3.4418152533277144,32.52334649341759,39.44712875501599,3159.077999999994,1.760208614752248
B0006,71,1.5301570318067428,0.06833354741887734,0.09201668954083403,2.436845595522602,4.183199732433941,3.445008015985666,32.518264823491045,39.40950590627068,3148.829,1.7653145274643671
B0006,72,1.5246566834474087,0.06885136093381199,0.0925822548520223,2.39030487147494,4.183585552184287,3.441164687975023,32.5437072434024,39.48443326993031,3149.094,1.75938690367356
B0006,73,1.5145492986655427,0.06906646906873301,0.0934909607320899,2.4892160721496315,4.183170360974043,3.443620591429828,32.562223096007365,39.4416762582387,3140.547,1.7526794612983279
B0006,74,1.509391504602082,0.06870914709601504,0.09387730518518865,2.450611393803655,4.183501501534186,3.439943269617906,32.58978020040808,39.53866201326228,3131.625,1.7517143152603387
B0006,75,1.5039974333050705,0.06952595566680789,0.09418623001298362,2.4111946043456745,4.183243008796117,3.43602719305159,32.57089563557426,39.5867547936938,3121.907,1.7510543427437684
B0006,76,1.4935201918040188,0.06825231466048369,0.09343980119280403,2.4609139768640715,4.182038001412004,3.436309312279291,32.537854347094196,39.499752884420865,3122.125,1.738897832675072
B0006,77,1.4876323024497422,0.06960330384223117,0.09561343002331575,2.378420264362521,4.182440318401142,3.430470227771154,32.65645090520509,39.9686395722832,3121.672,1.7386366169147272
B0006,78,1.5302876214401704,0.06960330384223117,0.09561343002331575,2.3844697219937414,4.189962701965466,3.4417311090871063,33.180785234653264,40.42668250871336,3120.86,1.7870824868725375
B0006,79,1.5040760088360112,0.06944383967261045,0.09508674404018921,2.448639661640692,4.181214475643097,3.4355429213552537,32.71220835503141,40.02451449021777,3103.828,1.7612939709674549
B0006,80,1.4887593608730894,0.0692409257238966,0.09541147475162996,2.362869757217078,4.182157933832856,3.4272336842373576,32.543943889007906,40.02167483360719,3095.094,1.7545734584319284
B0006,81,1.4782779285546637,0.07018023704211739,0.09580053634249773,2.479712742728869,4.1802491747767325,3.4307536518687556,32.6655410721976,40.078211781584145,3095.781,1.7364714851989516
B0006,82,1.478459982215684,0.07032112501568692,0.09530176637205882,2.4609902569842412,4.182775550999248,3.430880434209888,33.160922870564626,40.565789328351094,3094.328,1.7371701742903363
B0006,83,1.473214844899973,0.06930780981897802,0.09454813120638911,2.4794507375590507,4.182970513713943,3.431984614031654,33.414445545408455,40.75221353269305,3086.531,1.735834373498019
B0006,84,1.4675164935067897,0.07066012489753228,0.09558033908197718,2.421513989921717,4.182588389688278,3.426913589626702,33.3541679486525,40.71162611325717,3085.625,1.7297519223496336
B0006,85,1.4516292657521335,0.07048796563268331,0.09637484690828765,2.3927989623544175,4.180388252515709,3.4220422356705154,33.13634596100404,40.58721297402195,3067.203,1.7279074368071294
B0006,86,1.4519237720967177,0.071253157527167,0.09693308592499948,2.410475236770924,4.182476201666448,3.4202687142856667,32.92241762841388,40.37035790264624,3058.157,1.726921154488644
B0006,87,1.4471484694777745,0.07290881656804299,0.0968587759009549,2.4915333699239977,4.182567814531136,3.4248208106770663,33.20338483123576,40.667923693760464,3058.812,1.721203340058839
B0006,88,1.4468538105659885,0.0725103674563298,0.09660159139822988,2.444861994529003,4.182606347806988,3.4234990883192666,33.533950654066935,40.990356883952465,3058.578,1.7211548500579925
B0006,89,1.4416741930284678,0.07088794010729621,0.09740741420439394,2.4840755398082255,4.183047552179642,3.4247420964314874,33.5767934055627,40.997744028174516,3049.328,1.7200574224369996
B0006,90,1.5935866593100128,0.07141473238066469,0.09614920599785416,2.479017302613424,4.222516216835943,3.450702139255875,33.224088400657315,40.77265883698999,3177.219,1.8210499414870156
B0006,91,1.5463902376915637,0.07075152805097641,0.09048196250260114,2.4820670710190385,4.1909374470770855,3.4480475429907522,33.37083344726966,40.522204934304625,3082.937,1.821446935406101
B0006,92,1.51470559175661,0.07030413873328058,0.0930529362512398,2.452449045714353,4.183028520369727,3.4399481891896455,33.43366634309322,40.57746834859555,3074.266,1.7899526443788862
B0006,93,1.4989786083335404,0.07156671814928477,0.09367023927457886,2.4198491932573414,4.1838942747302825,3.434112914501242,33.28676739403043,40.516963879873735,3066.0,1.7769381660412278
B0006,94,1.4831110745410492,0.07235057565104601,0.09440345976365576,2.4706823501191706,4.1839835007856605,3.4325600940363916,33.14347737377552,40.34325381638243,3056.437,1.7640108930619747
B0006,95,1.4729664825468278,0.07033788263426383,0.09507092273616935,2.413759774558071,4.183640209073579,3.4270614887575657,33.11021541795579,40.39341126895154,3048.219,1.7571864995414006
B0006,96,1.4627604396099307,0.07148316063857231,0.09546831610525248,2.4562499847243027,4.183387047926521,3.427340316812041,33.18991802149879,40.46341487442664,3039.218,1.7502861853648675
B0006,97,1.4518364681062514,0.07177878179971342,0.09678915937102545,2.401794655879554,4.18356344388626,3.423482197888437,33.26265398635676,40.5818264138806,3039.047,1.743973921153546
B0006,98,1.4468670644030392,0.07217659052012376,0.09731548106056298,2.4087687236133313,4.18171248971767,3.4220957701069374,33.299978841087025,40.61670777074496,3030.375,1.7368671582969701
B0006,99,1.441380399427779,0.07275773932145782,0.09742370041141407,2.4308118485818704,4.1832473219705815,3.421883545422636,33.31663547841367,40.631647661681036,3021.0,1.7360229366477682
B0006,100,1.431210744960774,0.07161196696477634,0.09618267512171286,2.398886415333129,4.183049768329545,3.4195777411151886,33.39150630507064,40.74323383889164,3021.75,1.7297210104409786
B0006,101,1.4260247179525716,0.07236285655797875,0.09800608224040097,2.3814379490849835,4.1830924980863315,3.4175281789596474,33.41522427488497,40.81715493531611,3012.265,1.7288007546336817
B0006,102,1.420487649966195,0.07217187946582546,0.09754420653220938,2.459885297095542,4.181536580807847,3.4197860540725715,33.39690850726103,40.72877617289365,3002.641,1.7216957440273102
B0006,103,1.4207006230355006,0.07327514105662862,0.09816756377374604,2.4007285025453995,4.172034399629829,3.4171369298988705,33.73731993653,41.45494452672042,3012.0,1.7228352005659142
B0006,104,1.452255804330839,0.07255344400984245,0.09400039614590885,2.472830716079143,4.188427549455566,3.4305347141293625,34.08965316576344,41.39678877103747,3020.11,1.748786563991936
B0006,105,1.431557632772571,0.0737422116355231,0.09682011701371697,2.467318928642863,4.181499335679726,3.4250844180972875,33.9987286593769,41.36669473718026,3002.172000000006,1.7345182497801421
B0006,106,1.415015751158943,0.07351181896001253,0.09784840606777727,2.3692462667540997,4.179546243153898,3.4171339862792935,33.907397114007345,41.37787352037061,2992.703,1.7271808134437059
B0006,107,1.4097311506517451,0.07363095072187217,0.09872074778143794,2.4482618595124874,4.18101558225098,3.417521467040602,33.70518417605219,41.140956091698214,2964.468,1.730597159216869
B0006,108,1.404917318129309,0.07483720295528123,0.09855595497783809,2.4598632768748825,4.182667734360821,3.4181623236680356,33.7458832944166,41.2168813199875,2983.375,1.7141556201256136
B0006,109,1.395164296571563,0.07422880685868813,0.09794583413307753,2.497869764845928,4.179947555799937,3.420331935905118,34.01657212624259,41.40391881889191,2975.297,1.7067863109671502
B0006,110,1.3945343832614077,0.07359262883289279,0.09794263420249376,2.472236707252471,4.182316086490744,3.4192916311692465,34.175023374593785,41.586571331198584,2974.9850000000006,1.7063636381021512
B0006,111,1.3893171179312644,0.07428961541366103,0.09782803971993742,2.4278749904763077,4.18300582450457,3.414352330355796,33.976109677640174,41.43504077863728,2966.25,1.7053149763509456
B0006,112,1.3838379472327809,0.07436247289279864,0.100297485432866,2.4275905200235055,4.1825046060820625,3.412701167144591,33.84150372451663,41.37436880579148,2956.359,1.7046353656612552
B0006,113,1.3736814238195123,0.07308819155500623,0.10028552688952369,2.37337869163978,4.179533028548021,3.410409522809144,34.1008464215818,41.66477948989921,2956.344,1.698575782177053
B0006,114,1.3786059891863676,0.07390565956199621,0.10034826354300655,2.4248604132549767,4.18250512422575,3.414419320260644,34.34663683304219,41.81816829502593,2956.406,1.69824433155204
B0006,115,1.3737600299108574,0.07406486350284623,0.09903658397481056,2.426962848243194,4.1828227593786,3.4131710032395315,34.216231530637586,41.686647000781186,2947.266,1.6971242328938314
B0006,116,1.3682580583942712,0.07434066648007011,0.10067908230747398,2.417287750352038,4.182413969607667,3.4107019261975147,34.041617020161176,41.565382893773936,2937.984,1.6959707969888713
B0006,117,1.3633024037317505,0.0749835856113319,0.1003809603504959,2.4185087281747166,4.182451170946608,3.4089059214760367,33.890212870710734,41.46394809540406,2929.125,1.69533939901694
B0006,118,1.3580966140172601,0.07363422580248341,0.10034341350119641,2.480937393224248,4.181305580928812,3.4134080258317576,34.116762412437,41.6123634180086,2928.454,1.689063706570807
B0006,119,1.353269090999531,0.07495654638579109,0.0986748779007716,2.4078214169511205,4.1804870315884735,3.411221044859532,34.490493589415046,42.0075404495327,2929.375,1.689254941512802
B0006,120,1.3841605738237488,0.075132937700244,0.09988518450397564,2.433234589649132,4.163570261072192,3.4155210852213678,34.23744800906639,41.61679232360952,2946.031,1.7102192011852473
B0006,121,1.4051467790651473,0.075132937700244,0.09988518450397564,2.440822893388958,4.190012868765637,3.4229838362549794,34.41428886050454,41.80245062827161,2955.438,1.7302612146468814
B0006,122,1.378719022627353,0.07592804413673004,0.10032970664387303,2.396078253891397,4.182418011462176,3.414757022019347,34.16445180476378,41.653004783464006,2937.625,1.7152722093432786
B0006,123,1.3682657783199066,0.07550871785129283,0.10116073256897913,2.449306948268824,4.182070839014939,3.41435871627236,33.877146811272176,41.36061809844917,2929.078,1.701355119877482
B0006,124,1.3573151296618016,0.07460959963253604,0.10145892418195081,2.384185417166802,4.182701902443236,3.4091886698418046,33.839566254190565,41.42815616511055,2918.375,1.7004563863905504
B0006,125,1.3524934638801596,0.07487960335651152,0.10060335245891304,2.4440756213040964,4.182270325485355,3.411930366643558,33.818304796930946,41.343265645039,2919.812,1.6873607733405396
B0006,126,1.3474099151661236,0.07528060880004324,0.10254518763662164,2.4296014294774673,4.182394535290608,3.4094417183837504,33.812621135472135,41.38118673567723,2900.422,1.691961200784779
B0006,127,1.3370075130842318,0.07499556374166019,0.10138737916427212,2.41022288115442,4.182061947471753,3.4081896097479882,33.79894614410012,41.378450473707446,2901.375,1.6853124510181006
B0006,128,1.3312352966718526,0.07635857115497807,0.1014317733775896,2.4098927032454966,4.182288987105723,3.40737851449911,33.702723745621576,41.306600641009794,2901.187,1.6788023481230294
B0006,129,1.3259303781727643,0.07477686532784665,0.10280887562042597,2.453938411405305,4.179662143533188,3.4085862639015,33.63562651984647,41.204081036719124,2891.64,1.6712234371153531
B0006,130,1.321578743867529,0.07601129120974016,0.10207495349364025,2.3940396792395253,4.181392635232333,3.404843616147767,33.690724061796516,41.32955629442644,2882.906,1.676926820246207
B0006,131,1.321225074066109,0.07632337493459862,0.1024320211016061,2.45134737470238,4.182099866234647,3.4081057374178703,33.71317033815572,41.300370296451625,2883.265,1.6701674907264448
B0006,132,1.3156485301862682,0.0749954456773232,0.10259630569279,2.475014603796582,4.182054276922838,3.4091728540380735,33.65376593260611,41.243646229563595,2882.969,1.6635304836146556
B0006,133,1.3209025697502388,0.07655910700249269,0.10301800475787612,2.4569179775419294,4.168816046299314,3.4110817622184233,33.983578066068176,41.36464929786556,2891.656,1.6646335896429372
B0006,134,1.3474328767273906,0.07655910700249269,0.10301800475787612,2.438240626221148,4.190149239555381,3.4167486246717154,33.816348135475515,40.89285784811417,2901.25,1.691847724352744
B0006,135,1.3260128072353616,0.07655910700249269,0.10301800475787612,2.4946397780995584,4.187196878135145,3.4169689184247174,33.60692030225909,40.652964511118334,2891.703,1.671226012596274
B0006,136,1.3101186784831063,0.07627816468715698,0.10209285250394709,2.4367455144223555,4.18232296515852,3.4105763913818787,33.47350597721994,40.58410707337388,2883.016,1.663315386938566
B0006,137,1.30521620229393,0.07628105077777647,0.10123049924820199,2.4858689968085326,4.1822817387062585,3.4113335283009314,33.209178727620106,40.322783635307104,2873.453,1.6559242579419076
B0006,138,1.3004061951355774,0.07559149558239868,0.10170048160813132,2.3957550201907916,4.181394192711236,3.4081283345557187,33.58088963686094,40.78032921971219,2874.031,1.656121338952165
B0006,139,1.300235735841116,0.07436926956755013,0.10195116957544287,2.4504684570147006,4.182109437180301,3.4125732422699135,33.76400861956033,40.85731522464202,2874.234,1.6493562885018465
B0006,140,1.2895066722480755,0.07554946383264172,0.1033905552179119,2.3942028718004007,4.181210531150237,3.407693686560286,33.57003564415372,40.74860220857894,2864.984,1.6481250828318856
B0006,141,1.279253057384795,0.07543780913259987,0.10190222500615645,2.4303844034459368,4.180183763169455,3.4073499608041957,33.272050895552354,40.472276230208436,2855.093,1.6402735508297446
B0006,142,1.2792078171714618,0.0752830478385875,0.10212799871439257,2.4755630989048205,4.181641969595387,3.409292163767801,33.12740933210319,40.28187574900838,2855.625,1.6339269718637894
B0006,143,1.274036760902923,0.07504265846305132,0.10234809729911541,2.446712151873903,4.1818501497507565,3.4095492354804775,33.439116773449626,40.637565231244686,2855.594,1.6340523871461572
B0006,144,1.2741273923001468,0.07493083270026814,0.10316530446995302,2.4607112018206894,4.1817089329030335,3.410318915287339,33.482874768414376,40.64243349478575,2847.437,1.6325488263539847
B0006,145,1.2637639426440779,0.07555918138378297,0.10171557782292613,2.4619788522973796,4.178725976011113,3.409269478846637,33.22136307064441,40.38713367022122,2847.36,1.6192776155716366
B0006,146,1.2581373688955233,0.07529135855581007,0.10399050592213124,2.4999079970509284,4.181148894438262,3.4094374435069095,32.98562738901426,40.15316398972329,2837.328,1.6178697167430758
B0006,147,1.253259864055301,0.07695888745317593,0.10278141799912464,2.4061574188511727,4.181246648937272,3.403885091976961,32.970182781539556,40.26211669866818,2837.281,1.6181306110813383
B0006,148,1.2532313315493426,0.07582454225155175,0.10410637069985224,2.40921365026611,4.1821248744689274,3.4065929107527846,33.31018716138479,40.65437976632703,2838.515,1.6181696583650664
B0006,149,1.2480874960313577,0.07591191584477391,0.10494385154400138,2.4705399687343235,4.179545017207998,3.4095930016592684,33.23406652671602,40.41021687551566,2828.328,1.6103994653878324
B0006,150,1.2534354284944844,0.07629297155319334,0.10647126315333194,2.4996841687041944,4.164241788212258,3.409409922814414,33.117656712920734,40.49521984011741,2838.265,1.6116489596960517
B0006,151,1.2898048773266901,0.07444944766297028,0.09763490351376954,2.4839695531514434,4.189238693156103,3.4195489282896943,33.78417036686004,41.357879741754175,2864.547,1.6420474102120959
B0006,152,1.2635402021758835,0.0752876188558989,0.10131281846755223,2.4675402264113453,4.180842923747738,3.4151799904187996,33.806439563441614,41.37902988743146,2846.39,1.619485147897518
B0006,153,1.2479761706842853,0.07525091465096566,0.10263114150619053,2.4946438160388325,4.18123823034649,3.4154594925159083,33.63735785291911,41.20920760771975,2837.969,1.6049332611605434
B0006,154,1.2321202877943334,0.07579555842218386,0.10337622430701954,2.4577382116375843,4.1798277092808815,3.4130336456755868,33.58195933847606,41.20630554355683,2838.156,1.591662023140669
B0006,155,1.2271137666213534,0.07634314633390711,0.10459379391771405,2.40986495422137,4.180792839927961,3.4094524356574096,33.56245583951572,41.28239317323536,2829.843,1.590121112674739
B0006,156,1.2217397581377356,0.07548574752727838,0.10415670198896312,2.479418189447868,4.181365190126037,3.4138496008165014,33.5111267532655,41.1595683576961,2829.625,1.576784104156222
B0006,157,1.211102678915174,0.075678173941146,0.10498941605859084,2.434585389303289,4.180594670510683,3.410900672125043,33.53675907012135,41.230427315370186,2819.437,1.5752875074450006
B0006,158,1.2056159765131735,0.07639730618221811,0.10625558495145841,2.425682710641569,4.181424135030176,3.4105744140130074,33.49803069556778,41.21487873613708,2819.579,1.5684956746000391
B0006,159,1.2008936262717274,0.07554089552390525,0.10325199429925233,2.417924401749313,4.181921994951423,3.4096514247359915,33.516977262709986,41.27439823262361,2810.672,1.5671931448019898
B0006,160,1.1905903985558335,0.07758555911246837,0.10473113760753461,2.4541577949851603,4.179593598747663,3.4128578373442537,33.531923269271225,41.237668013317766,2811.485,1.5538432233552129
B0006,161,1.185179251041941,0.07914099539982122,0.10410597469599145,2.463616101176541,4.180557596235595,3.413450901705652,33.567636169584304,41.24068073261839,2802.422,1.5522138654028754
B0006,162,1.1796706818144624,0.07703480377026387,0.1043025357256912,2.470375229475307,4.181414159913002,3.414388187503409,33.60493096509702,41.28133907077437,2801.625,1.545285047994101
B0006,163,1.1745952836753915,0.07558657312230183,0.10545022867710716,2.4357634426689945,4.180815073540562,3.412419038813061,33.54281440778599,41.28338645880181,2802.031,1.5387187116139815
B0006,164,1.15381833159625,0.07680024027253078,0.10505838895245793,2.481190011798763,4.1697037841892834,3.4148103057455175,33.472459360982775,41.149193043289586,2793.39,1.5170395993741237
B0006,165,1.1644009557372264,0.07773379473968531,0.1055258410926404,2.491537251958465,4.180283727512206,3.4166177332601,33.58210389885497,41.26268252018065,2793.39,1.5238666038924866
B0006,166,1.1587974947916069,0.07649758460967311,0.10668360253694291,2.40904100737121,4.181170015245673,3.4121341541171764,33.6634605108384,41.45791806300034,2792.485,1.5237985973545418
B0006,167,1.1749748834769171,0.07693445086160708,0.10589812281309796,2.475767645530351,4.1575524997258,3.419700177568569,33.730546074122294,41.11666214070682,2802.016,1.5391310859398721
B0006,168,1.1856752327929356,0.07693445086160708,0.10589812281309796,2.4160441724133666,4.188511527828155,3.4234687742187893,33.8912822372509,41.36263766174168,2820.39,1.5427100462165395
B0007,1,1.89105229539079,,,2.145975766935391,4.199497433806136,3.522006703394617,32.62485875142121,40.59042914535701,3690.234,1.869128126500791
B0007,2,1.880637027686859,,,2.1110166987852117,4.198510349854315,3.5319490434317116,32.738209593287145,40.26023408628707,3672.344,1.868091214569674
B0007,3,1.8806626717011388,,,2.0251085128182655,4.198280074112568,3.5344025220217845,32.68511456550919,40.27558633997852,3651.641,1.877784734502072
B0007,4,1.8807709009833444,,,1.922542180649595,4.198267468745592,3.53492504932652,32.554748499572646,40.29314715799111,3631.563,1.8875256535871228
B0007,5,1.8794508728285058,,,1.8711590450649882,4.198464224146956,3.534536640068787,32.46787845303298,40.268872630219796,3629.172,1.8871621432453276
B0007,6,1.8807003517117404,,,2.1756867065903434,4.197967993115647,3.5411626672196816,32.48624734055599,39.67620802332074,3652.281,1.8675154082122565
B0007,7,1.8799352523566075,,,2.1117887156019437,4.198023461704379,3.541165612176161,32.55779966353037,39.803817662926164,3650.828,1.8673359462519084
B0007,8,1.8815088124038797,,,2.026250619894166,4.199372697237068,3.5494581176357975,32.45374435641106,39.88810476942348,3572.453,1.9063154499484403
B0007,9,1.8696907870385844,,,1.9505894332906037,4.19921182024681,3.5502805464079743,32.373246444985035,39.95162250671474,3550.594,1.9164348198845678
B0007,10,1.870052380139199,,,1.8688247067658061,4.198957678253482,3.5481347674910286,32.30534276235138,40.052021854718284,3551.25,1.9165385597747795
B0007,11,1.8700442394188577,,,1.7896213776724978,4.198832114024662,3.5484272148956437,32.183319483399806,40.1213838436794,3530.25,1.926771167846017
B0007,12,1.8596518987766364,,,1.910336108594535,4.198945227315025,3.5560433603714667,32.378853181816005,40.174657039770814,3491.016,1.936979366983281
B0007,13,1.8590746560862206,,,1.9086884059809102,4.1990513028067955,3.5604849642800684,32.2913249500013,40.016434730174936,3470.281,1.9470891822561436
B0007,14,1.8590084577709232,,,1.7868782934275431,4.198107645780677,3.5562872542469752,32.14782797344657,40.16569230743226,3470.0,1.946961601670498
B0007,15,1.8593622586957048,,,2.1361343961784502,4.19925638222589,3.5647746218187324,32.01380948237792,39.46139677634257,3450.297,1.946851050742258
B0007,16,1.8587355450601035,,,2.0133501283179167,4.199087384946408,3.565438928797127,31.881310103471357,39.5636595172155,3429.407,1.957412809315224
B0007,17,1.847817291322145,,,1.8575547668336483,4.199009971925293,3.565961679108638,31.854304304240515,39.628948319501816,3409.484,1.9680136940585706
B0007,18,1.8485252916137047,,,2.1657556124208934,4.1985172274243965,3.572496559005355,31.856555404576753,39.225347214914876,3390.422,1.9680547468944674
B0007,19,1.848378951850034,,,2.0270686341513207,4.198245740608724,3.5699492020415136,31.867182607083926,39.4126321606434,3390.281,1.9680218912213907
B0007,20,1.8807805437609766,0.03816813609946085,0.06158094574229446,1.905311669649934,4.196262462698172,3.5464338449590023,32.35216872128999,39.95874037686836,3591.734,1.9066656790606797
B0007,21,1.8814721597443598,0.03971312292013592,0.06180654339682964,1.7951975189442124,4.1969587758867,3.5531968089006387,32.60219299451182,40.31302300333008,3552.297,1.9267198323744987
B0007,22,1.8810954313244785,0.03840146399106517,0.06100130384680727,2.1058524852518143,4.197071720130598,3.5599340214678805,32.19571819720114,39.359447242364645,3531.578,1.9261058568907057
B0007,23,1.8710089649779995,0.0371051772037323,0.06007565108189894,1.846021007590992,4.19690260801443,3.5595604968237993,31.805988160181123,39.454159451189874,3492.907,1.9468405917249594
B0007,24,1.8701995151941375,0.037833946033938984,0.061293760421866045,1.7370300333706354,4.1966416719103465,3.552385161941813,31.737001978644926,39.641748274009444,3511.594,1.9364196896718646
B0007,25,1.8706715362800985,0.037520425405365855,0.060073134186248135,2.0506492642329937,4.1971302559922,3.5707670304281067,31.51707667966367,38.86906912217273,3431.9370000000054,1.9675984733558025
B0007,26,1.8596124644020169,0.03739727137150672,0.0612330724542185,1.8254369744762284,4.19652461108806,3.5657224847439295,31.442860781038384,39.11839966443177,3431.125,1.9680130544442065
B0007,27,1.860033909718346,0.03591968009886427,0.06057069111701671,2.134879000684994,4.196790308710931,3.5712835067487094,31.32326275303232,38.68010761281634,3412.406,1.9675631762844843
B0007,28,1.8591653109160768,0.03738579892114978,0.06131737602920535,1.970455493406623,4.196693048697735,3.5679716274891398,31.28571570579735,38.863045678198645,3410.688,1.967618505240168
B0007,29,1.8481398178778288,0.03789058841967389,0.06032875855026001,1.8132694309760007,4.197078923354,3.5646314038791784,31.331850868998004,39.14531169811219,3410.718,1.9678214300979182
B0007,30,1.849201702126164,0.03715722957533256,0.06103479269674707,2.0483657324095637,4.196062203382386,3.568983888921194,31.32285733932258,38.8380564174779,3392.719,1.9675056354779956
B0007,31,1.8834677437950846,0.04119201955867326,0.06848356653346994,2.181560983985832,4.206531081984383,3.564620688944316,31.608436452122476,38.95965174080089,3470.672,1.9683447778186904
B0007,32,1.8628211117905844,0.041759405414555945,0.06445608820977453,2.1177799354077496,4.203187727641822,3.5694388142217837,31.782101501165204,39.053875772291974,3414.109,1.9788210991401491
B0007,33,1.852085039652352,0.04232704798626884,0.06414150947613172,2.1637448793153697,4.202997027311235,3.568742147335628,31.515041989202878,38.699551697978606,3395.219,1.9785908218423578
B0007,34,1.8469504648208708,0.03967286398299121,0.06333755034552216,2.0456561472058055,4.2027504558714135,3.5642424070467817,31.13866351339678,38.6052414906155,3386.0,1.9784335668087778
B0007,35,1.836828431169018,0.04046536725285732,0.06397225205950727,2.1356202266992863,4.202665067816707,3.5653038098527605,31.068710515588776,38.42604747702835,3368.187,1.9781613462371574
B0007,36,1.8371619619672275,0.04083099544598788,0.06292223531520325,2.042987153745025,4.20243913428064,3.565432167703823,31.618244836823447,39.0468968949422,3368.266,1.9783860225738241
B0007,37,1.8316722583718854,0.04078701229987664,0.06338858492819599,1.9786162394118947,4.202794567899269,3.5622303163451425,31.331528063668397,38.836764958613884,3358.719,1.9780805998719366
B0007,38,1.8211470951317783,0.03981735939635393,0.06446689612483536,2.15845357648832,4.203135326288817,3.564481026852489,31.132569191182142,38.49981470604549,3339.5,1.9780988820364462
B0007,39,1.816506091511515,0.03879098770177327,0.06280987925671022,2.092603698932653,4.202837061508687,3.561614556780574,30.972969676157927,38.582340147970775,3331.265,1.9779784075733657
B0007,40,1.8113815601504555,0.04135849902166442,0.06409309629130175,2.1528886431678034,4.202745735932991,3.5630587459190144,31.1990648511682,38.787499833494046,3321.188,1.9784370488525895
B0007,41,1.8116056333939583,0.04198813216408782,0.06290743673977844,2.0537418826405966,4.203198796599359,3.5629534367704405,31.722267598269813,39.31221126031847,3321.844,1.9782902099305797
B0007,42,1.8060548955557403,0.0410635565050997,0.06183018814159419,2.0793300586339956,4.202901668731174,3.563446012076242,31.900827580605675,39.40567993360536,3311.828,1.978204592155878
B0007,43,1.8132041826994056,0.0397095688006817,0.06308316873083149,2.0759793304520757,4.196154302326916,3.563998342345823,31.5372402498617,39.32802757827611,3327.391,1.9671070815271066
B0007,44,1.8062641938283535,0.0397095688006817,0.06308316873083149,2.0674349483094465,4.2044772244864275,3.5604902283110547,31.24662583059252,38.6112528181758,3312.078,1.9781214643703728
B0007,45,1.7958310249900458,0.04658869845988432,0.06938696400889426,2.037264031192436,4.20211656315423,3.5567002097886946,30.939399361884792,38.569726951286874,3293.172,1.9780364457328714
B0007,46,1.7858852600390451,0.045058966847244336,0.06928051739204368,2.1632674190148338,4.202901194454151,3.5584127263446006,30.884857004354572,38.34572083526661,3275.328,1.97793896698507
B0007,47,1.7803268604502753,0.04581384765227875,0.06966533025568689,2.106631526845483,4.201790697233378,3.556136820956992,30.920682316695828,38.482540634946716,3265.016,1.9780170042003
B0007,48,1.8150756899575577,0.04581384765227875,0.06966533025568689,2.1809272860788376,4.191916354433964,3.568999942180493,33.880577817079796,41.0499421893331,3328.937,1.9779140108313502
B0007,49,1.8157025154845838,0.04888655382152031,0.06968514370622465,2.1773498094527195,4.20342192245769,3.571059290544873,33.038339318294426,40.361944885615415,3329.266,1.978162017642311
B0007,50,1.8002432178056673,0.04805522182634865,0.06988641944387855,2.180136101967249,4.202807443974011,3.5666921284622095,32.27329169539202,39.6676965288026,3301.579,1.9779553399945098
B0007,51,1.7904476205609308,0.047509200748586077,0.07037254012210739,2.1286295199076855,4.203276539809248,3.563327431073248,31.937919783481355,39.481181404811096,3283.563,1.9779914337720734
B0007,52,1.780343032300132,0.048179914298366426,0.07048007986898036,2.155901281560187,4.202580870413733,3.5590146214829015,31.688686599521045,39.419051143069204,3275.125,1.972192989054421
B0007,53,1.775328769596812,0.04853240735824653,0.07034952369656776,2.067103728219671,4.203244171517053,3.5566945836342914,31.779120691032947,39.72196117128354,3265.656,1.9723263193206682
B0007,54,1.7702629734732853,0.04974625536405859,0.07095960275807538,2.0619831864543094,4.202697222668131,3.555013984911923,32.133873372089305,40.041366724781085,3266.093,1.9668382736785281
B0007,55,1.760081061854204,0.04989362821249148,0.06988750479775756,2.143037413381466,4.202581421564202,3.5526373754067415,31.889431533099835,39.66314441864834,3257.594,1.9609304428642138
B0007,56,1.749647593537689,0.04762093306188868,0.06959637470924757,1.9929057988209282,4.201275185814673,3.547186025484395,31.81736328028127,39.84751541049116,3248.593,1.9607588424014128
B0007,57,1.749650075059311,0.04647996212810349,0.07109805169409975,2.0335961968180234,4.202508747096239,3.546814755244375,31.72316205746117,39.743357771631004,3238.766,1.9607502568135042
B0007,58,1.745028739214683,0.04796925031131609,0.07089251138004057,2.0213017345171265,4.202333230196108,3.5447850172972655,31.957150654392294,40.07246786936068,3240.14,1.955106689333301
B0007,59,1.7396457455286727,0.04822541815588505,0.07097691576307026,2.0789964919635966,4.202490707154508,3.5465215420964156,32.29917704213345,40.247716114003914,3230.109,1.9550631626775967
B0007,60,1.7285642277717963,0.04908955036286932,0.07022873713037443,1.9925354808829658,4.202290557382721,3.540832547654255,32.128842946565555,40.27220819224188,3229.7810000000027,1.9491545130405272
B0007,61,1.723900324588418,0.048817413924019566,0.07189407403925935,2.14041602578448,4.20313824854604,3.542992511358393,32.021134355757404,39.89848456781458,3212.469,1.9485245668379871
B0007,62,1.7139788776485192,0.04889219507251717,0.07012605128802055,2.006753861515003,4.202703239422359,3.5360811169860216,31.859048861486652,40.0571305311587,3213.219,1.9431245838111422
B0007,63,1.7139701997004613,0.04742321873077289,0.06907761875176498,2.121868132176415,4.202907102508285,3.5392436935272635,32.16100333536097,40.240711749549135,3203.578,1.9430105437169318
B0007,64,1.7036521173638766,0.048460437754935325,0.0708375336017697,2.0119648758828452,4.201457080806326,3.5348237062932575,32.10276048728767,40.12941739090177,3195.125,1.9425236436352382
B0007,65,1.7040137474382486,0.048460437754935325,0.0708375336017697,2.0744390946376323,4.204304103661928,3.5366477402090606,32.33880662180898,40.3959693732437,3195.3129999999946,1.9370251789871722
B0007,66,1.6935716157343033,0.04890922045962195,0.07224375321168745,2.188793384556236,4.20220228055958,3.5352062840980913,32.21373014824893,40.18751058333668,3186.297,1.9310353224698769
B0007,67,1.6876577363877656,0.05049341528042814,0.0714779278737494,2.1739523632140685,4.202001482736379,3.5329852237553396,32.09949526722965,40.14605167557969,3176.438,1.9304738354803441
B0007,68,1.6830744356583152,0.049653807534869046,0.07281511275371025,2.1783847786257136,4.202600613133091,3.532158560934324,32.11305439113157,40.18846095484838,3167.593,1.9305724132185291
B0007,69,1.6779270142025482,0.049804698569480284,0.07183693248710026,2.191481814157953,4.202328519159183,3.5308376380023527,32.20371989479744,40.2789498830108,3167.719,1.9247227974831074
B0007,70,1.6732060275966172,0.04960142143548596,0.07212114083797687,2.1753473356526807,4.202855889678493,3.5296958440720005,32.23340825772458,40.310727434969614,3159.077999999994,1.9246004507121866
B0007,71,1.6674367208253988,0.04933286951263678,0.07263784411726666,2.1832922624558813,4.202212609390717,3.5281819372126093,32.212169716369466,40.31733812871393,3148.829,1.9243788765495635
B0007,72,1.6622662630667526,0.048245150285560964,0.07344417258506274,2.192864020990023,4.202335745153063,3.5265730179666974,32.21746401954225,40.332563430145015,3149.094,1.9184028799161776
B0007,73,1.6574243065763063,0.05001512861656075,0.07381936636092858,2.1560972126643922,4.201997273379946,3.5245022548553444,32.23410177209762,40.431258866851486,3140.547,1.9181664471622712
B0007,74,1.652538684928734,0.047456705587096075,0.07255600991617446,2.138540138129487,4.201599523927098,3.5228548406546385,32.228343983674435,40.46247985933005,3131.625,1.9180994998619483
B0007,75,1.6472174627573322,0.048886406569936064,0.07289868386035867,2.1646493163558524,4.20196227209543,3.5222829121237855,32.1833106060944,40.40103455658551,3121.907,1.9179587244853675
B0007,76,1.6364136810898071,0.04904240478915373,0.07202371305148902,2.1187211383693167,4.202045571197949,3.5189923820688493,32.17200142078129,40.4426971996319,3122.125,1.9116787215527213
B0007,77,1.6362554312048496,0.04861981736892422,0.07223470556283451,2.1377868706438155,4.204697039833386,3.5177844279570794,32.03316223587618,40.26214977673693,3121.672,1.9116021818524709
B0007,78,1.641119179218384,0.04861981736892422,0.07223470556283451,2.103155697792567,4.203964293328523,3.5212226057273495,32.506671891788216,40.645668361956844,3120.86,1.917648718820213
B0007,79,1.6315700789656966,0.04830739180756976,0.07449610987674748,2.186737546753024,4.201985395805308,3.5172227884430147,31.961039485620926,39.95209030011925,3103.828,1.9111402386391976
B0007,80,1.621213282987236,0.04807714089362054,0.07403770271784743,2.1007747911593695,4.20178017149305,3.5125010864221813,31.798082670491866,40.165034583244065,3095.094,1.9108682624772713
B0007,81,1.6164273214762122,0.048897202430558395,0.07193674461638987,2.1417010068719846,4.202220537976551,3.5129614635074673,31.95802833708937,40.36674175781141,3095.781,1.9049809251600105
B0007,82,1.615823510161921,0.05060519273798081,0.07400471120772745,2.0912297625621297,4.2013887453306085,3.5125204100391962,32.41813169746276,40.88269125311642,3094.328,1.9051115160683214
B0007,83,1.61672418029789,0.05513227508897388,0.07463188429536609,2.1663009505205935,4.201620573144587,3.5151454557578807,32.64044972789331,40.856332202254556,3086.531,1.9049221617708285
B0007,84,1.6108655863730026,0.052122387063300676,0.07530335771038864,2.1843637809529235,4.201668680267049,3.513443179473182,32.56399373078006,40.778024611598504,3085.625,1.8987673918259145
B0007,85,1.6006603374309376,0.05077571807567494,0.07496378520798935,2.113995772639173,4.202567159315787,3.5097089402574535,32.28305350922276,40.5829305350897,3067.203,1.904361661364581
B0007,86,1.5959174487005663,0.05126724930337932,0.07541159661766002,2.0287779476202195,4.201472345711643,3.5042771471756997,32.06065237439007,40.6345689985191,3058.157,1.9042167406508488
B0007,87,1.5962179519462243,0.051355678502895456,0.0749649652243977,2.1948906641943635,4.201332830124454,3.509207943122176,32.365261126964526,40.75070125010339,3058.812,1.8982712229514884
B0007,88,1.5958065114633972,0.05194895745860293,0.07469906780400354,2.1621122251410005,4.201522880341636,3.5095064920492853,32.68851871366292,41.0672419235651,3058.578,1.8978120665431735
B0007,89,1.5906507821480704,0.05128667477654547,0.07539484013414438,2.0092802451741245,4.201386492450036,3.505203266169396,32.747733642524246,41.40590880756584,3049.328,1.9036894961898951
B0007,90,1.6888211161855506,0.05502813794451862,0.07705920199069437,2.144268362237989,4.2333254357000865,3.5281182345919753,32.50500516961017,41.01558674901627,3177.219,1.9369986986497965
B0007,91,1.6259938279733204,0.05527266157182866,0.07666481641775076,2.0962813773920193,4.203917718634026,3.519590928396835,32.91993878980996,41.31851435911838,3082.937,1.9233419037458164
B0007,92,1.6157433862812898,0.05324102311684918,0.07558335014316388,2.0376560852489356,4.202046403451837,3.5146260368096875,32.948305858317944,41.4002950560853,3074.266,1.9169003551303383
B0007,93,1.6056626764846538,0.05273469991494585,0.07574262774043826,2.050265845971926,4.201592874087554,3.5115494818370454,32.76906651915661,41.2508092329952,3066.0,1.9104739991515625
B0007,94,1.5949746921524348,0.054101669766115246,0.07605862048749032,2.1421639870693685,4.201214370586727,3.510769869032659,32.59734424608833,40.95362783962595,3056.437,1.904277326283454
B0007,95,1.5904102438871945,0.053379437619037746,0.0768769249386572,2.093098662464846,4.201660608337926,3.50804494279531,32.52349894408369,40.989022190981714,3048.219,1.9040060475398195
B0007,96,1.5853517062988178,0.05523767045005179,0.07884381066373808,2.109503853325003,4.201750207865124,3.507748080950393,32.578228834731775,41.02622774121347,3039.218,1.903682025344975
B0007,97,1.5799737147242376,0.054439338280930595,0.07785420519610012,2.1295447836320704,4.201226117420626,3.5066673521067266,32.62728298499839,41.01371342582121,3039.047,1.8977184161709566
B0007,98,1.5752185465278068,0.05405487569096337,0.07821105614795815,2.138556110583413,4.201796973837129,3.5061843921745397,32.652115712561326,41.04923314430273,3030.375,1.89734180804451
B0007,99,1.569798484648868,0.05335322659418541,0.07819867312210359,2.1437793669909317,4.201200470517945,3.5051004339266254,32.64767456395258,41.05277512550887,3021.0,1.8970244466316413
B0007,100,1.5702565375950357,0.05354779689154472,0.07799840526566774,2.199196544880164,4.201289094579205,3.5054479186890566,32.6993879231031,41.02092182377061,3021.75,1.890944242298161
B0007,101,1.565249873909438,0.05429631089195726,0.07755605645193993,2.0252901014990434,4.201033482375415,3.500074246846,32.724576765133094,41.34840278359994,3012.265,1.8968789299198896
B0007,102,1.559633933561147,0.054140507846383475,0.07849103991881125,2.0874226328484515,4.201482697501314,3.5011647157526498,32.70434030242972,41.23753665797544,3002.641,1.8964776036151527
B0007,103,1.5649820533392105,0.05497736185369785,0.07863873360391814,2.0863200514042264,4.196165946742788,3.500407285435189,32.74051962267582,41.21700308433066,3012.0,1.8967990962803922
B0007,104,1.57497949984227,0.05427616393971161,0.07537775917996459,2.0588247910323827,4.205246397279064,3.507816455272743,33.38712825139849,41.89753189273277,3020.11,1.903150343237685
B0007,105,1.5652811168780458,0.054523978157317556,0.0781727897082057,2.007722684403967,4.201509838937999,3.5025243992110107,33.270627344923426,41.90270996402953,3002.172000000006,1.9028709165135844
B0007,106,1.559755497470126,0.05441238770330601,0.07816806645061,2.190682586389996,4.201909525379603,3.505155823274424,33.115074143665915,41.48233804274523,2992.703,1.896329660235778
B0007,107,1.549897685670499,0.05451219205855288,0.07651054614613173,2.008435320437976,4.199865517000471,3.4983646475135717,32.90572814040102,41.641162265997195,2964.468,1.9084409166580933
B0007,108,1.5438771531345021,0.052351911552094406,0.0772564945442686,2.1646360641399958,4.2008597336564515,3.500140843862167,32.953112654161664,41.433877603827945,2983.375,1.8897565548946964
B0007,109,1.5450187488690073,0.055582769847162185,0.07723477152073635,2.0647427536919833,4.20162098338246,3.49909547013937,33.2282109237263,41.8543569979417,2975.297,1.8959167588975119
B0007,110,1.5445940154102908,0.05474089300471066,0.07901841555586095,2.170172617792397,4.201149059944848,3.5010357611640615,33.361342590516294,41.78271326384125,2974.9850000000006,1.8894086402500336
B0007,111,1.5343086721758876,0.055237233438058246,0.0799393133533925,2.120750718982474,4.200810741834928,3.497212315865497,33.12431679486816,41.62744766181303,2966.25,1.8889319524937909
B0007,112,1.5287603942958483,0.0572653476857599,0.07942312226110386,2.13627215665258,4.200373974181371,3.496089957852059,32.991553593266204,41.552128441464966,2956.359,1.8885129340185374
B0007,113,1.5289260249179843,0.05107064795051435,0.07876484726875482,2.0938572364769055,4.201791474587699,3.495877119417779,33.2318318845246,41.839167194182565,2956.344,1.8888280889155629
B0007,114,1.529091650133123,0.05508857873132331,0.07806701171840846,1.9959465760122976,4.20067023466464,3.493116071455022,33.5098123920945,42.23998716092915,2956.406,1.8888109089947782
B0007,115,1.5239059324661248,0.055778574185470456,0.07824269800333249,2.0305769860653866,4.20021831736756,3.492655946458748,33.382402850667845,42.040902384977116,2947.266,1.888168080257056
B0007,116,1.5186675419100615,0.058454793092531966,0.07808837738558039,2.0758803797636745,4.200674971032527,3.49208824531703,33.17829959346276,41.803429062834496,2937.984,1.8879294129270705
B0007,117,1.5136482266426952,0.05487289835073646,0.08114313792394433,2.0793549048242492,4.200371214024706,3.490216477408044,33.01591345323486,41.6886924602386,2929.125,1.8877500770150009
B0007,118,1.5136050185229033,0.0568991758337347,0.07887220766486298,2.0585109366080414,4.200965645223048,3.4905931958620466,33.271000362987586,41.988171601182124,2928.454,1.8878121701005246
B0007,119,1.5139470614867965,0.05574285095910161,0.08005685613579032,2.0253107306977376,4.201492773602507,3.4911419366203664,33.61966967517867,42.33252236723314,2929.375,1.8876928991276465
B0007,120,1.5339599193158786,0.05446434802277253,0.07791983537472322,2.0069579017420067,4.192768207316796,3.49283645226053,33.29697162630193,41.63553796804361,2946.031,1.9010239453576763
B0007,121,1.5391372798653098,0.05446434802277253,0.07791983537472322,2.19792648712031,4.204602036514753,3.5025157522808223,33.393130865360554,41.470498076928735,2955.438,1.8951387117061618
B0007,122,1.5236247972838737,0.05604258367132115,0.07991327205972212,2.0299415196572554,4.200995491738166,3.492953565598811,33.13820710362847,41.54038193238441,2937.625,1.8941605693797292
B0007,123,1.5135813035589147,0.05719697967170129,0.08185319457580625,2.1171503915767786,4.201036137691208,3.4917462636517236,32.84069778843796,41.13947017697289,2929.078,1.8875176184156874
B0007,124,1.5077850749847914,0.05533954029001459,0.08086669055606474,2.1309899052747716,4.200762329918291,3.490432264232956,32.75739655594484,41.09041922644824,2918.375,1.8871483333452153
B0007,125,1.5031960676037333,0.057050602535577005,0.08153840356165401,2.1294318317485654,4.201013677167557,3.488861416967918,32.77234087259374,41.10034021580957,2919.812,1.8807767614744106
B0007,126,1.4978220596995881,0.0577616170406075,0.0820660023586674,2.164511453629433,4.200439147859412,3.4891932104785104,32.720417557744895,41.03075447325996,2900.422,1.8864406837331464
B0007,127,1.492848534633516,0.057585488535843915,0.08293347770359485,2.1743012710834013,4.200264786461796,3.4878785713375917,32.710022803073514,40.99688397371006,2901.375,1.8800416304859324
B0007,128,1.492414389867026,0.05670666348649182,0.08268806521788226,2.1928976284966537,4.200151660684939,3.486430546073901,32.62076759783716,40.88481342461614,2901.187,1.873350316923088
B0007,129,1.487482776538081,0.05871571908588068,0.08294174003043774,2.0298495899147295,4.200453152662228,3.4812572775226682,32.57651826255201,41.09400879501426,2891.64,1.8797045920181357
B0007,130,1.482535148640411,0.057109751399146834,0.08239034528661737,2.0959492247836815,4.200291122451955,3.4823550791204023,32.58396494906228,41.01377835587309,2882.906,1.8790771964585375
B0007,131,1.4827874322228984,0.05701776890792207,0.0816566640960627,2.177723491219515,4.199877643371451,3.4835074286280525,32.623742674615976,40.90635248178393,2883.265,1.8728827201349676
B0007,132,1.476971179775059,0.05771468674207234,0.08397428323884612,2.056251340337525,4.200436806124781,3.478976541530706,32.58599202496769,41.06596192416311,2882.969,1.8726821517266898
B0007,133,1.4819015554137276,0.0568683507839505,0.08373541370295104,2.1512510632923165,4.193077426787744,3.483501191305966,32.864544723781215,40.84520330629611,2891.656,1.872769806970048
B0007,134,1.4981366198874824,0.0568683507839505,0.08373541370295104,2.1693699073642034,4.203372086437543,3.4899701994096612,33.079651096902374,41.12807910254104,2901.25,1.8800526095621806
B0007,135,1.4820775214392872,0.0568683507839505,0.08373541370295104,2.116759239247948,4.202065190134895,3.484801138956006,32.932141650182686,41.094988453128494,2891.703,1.8730803637891618
B0007,136,1.4771155312812152,0.0546567857524269,0.08196905646669346,2.009424225590032,4.200086642861885,3.47835437960934,32.755748003791545,41.11877573165318,2883.016,1.872593579883026
B0007,137,1.4720772783056488,0.05855396288691582,0.0817127037862085,2.0034792344341588,4.199758658258613,3.475694933923807,32.52965474617847,40.980034990626955,2873.453,1.8724797349992206
B0007,138,1.472248013656454,0.058279853382820955,0.08282201995515953,2.172988732474185,4.199843161074874,3.481431873453954,32.848065199041,41.017509953482886,2874.031,1.865968723158606
B0007,139,1.4670106672274665,0.06554333401316845,0.08712630369162297,2.087464676179042,4.200352076636086,3.4796060336232353,33.072327061961936,41.299420742573055,2874.234,1.8658199135269655
B0007,140,1.4617672495335379,0.06343709105065118,0.08961239735080084,2.110564313669325,4.200169604165679,3.4782258967329596,32.85096451719535,41.105738037939375,2864.984,1.8654929805746867
B0007,141,1.4566952670489708,0.064090710272644,0.08923128682926011,2.0724687293779813,4.199911577879335,3.4743233868367187,32.572302329954546,40.87704013237699,2855.093,1.8651572711615223
B0007,142,1.451354972758956,0.0649449108692077,0.0882787478820197,2.1253826973270513,4.199564012073342,3.4737305453330443,32.450684441760906,40.730219862268235,2855.625,1.8585270477249944
B0007,143,1.451615926257375,0.06309122315038551,0.09066468210852158,2.1147331324879475,4.199951033620322,3.47481272321405,32.7394359440147,41.03226257370644,2855.594,1.8589284752853454
B0007,144,1.4468161332173683,0.0635675339735441,0.09036756488030863,2.1738445330859366,4.19995987158867,3.476096426841386,32.775898242252914,40.89527781087817,2847.437,1.8582313740431637
B0007,145,1.4467570607768785,0.06354297240865986,0.08993700983227765,1.9947266977360072,4.200414702164272,3.4686822529487804,32.5817324044051,41.02491521192672,2847.36,1.8581243414426252
B0007,146,1.4413797481446793,0.06362757826786986,0.09244959245559134,2.0033802121225017,4.199552965128597,3.4661964701943586,32.35021153014993,40.815968345794715,2837.328,1.8577436806402121
B0007,147,1.4362456252208178,0.06590148740383334,0.09003267092142803,2.116470909151213,4.199706970400125,3.468183423895935,32.28754240914786,40.65138669632271,2837.281,1.851279547247487
B0007,148,1.4368154153924828,0.06434871776064219,0.09283376873093901,2.051877342511651,4.199300346769649,3.4678606629897453,32.603239183227075,40.965385542419945,2838.515,1.8514568747110707
B0007,149,1.4362945145860047,0.06476902315692028,0.09121990458691583,2.003221375307111,4.200086391757318,3.4662499547181245,32.61208344144242,41.11319128215138,2828.328,1.857456774483957
B0007,150,1.4418575315878015,0.06353069093235883,0.09116725503746168,1.9865974995249178,4.189989265375979,3.462469269360201,32.26742656599958,40.78738321989129,2838.265,1.8578494984920149
B0007,151,1.4672063484781797,0.06422481176747886,0.087404820535234,2.1908121182442706,4.202670619155847,3.480518309485383,32.637733704417855,40.73001188190229,2864.547,1.8658667712731958
B0007,152,1.4518640367848885,0.06643642479689273,0.08671624569408547,2.033261415031626,4.199186500777735,3.4723137993738336,32.665258715232376,40.990354594470126,2846.39,1.864786682052692
B0007,153,1.4471379752748499,0.06329811599005293,0.0883740485896972,2.19135439601875,4.199638763972608,3.474362108592906,32.502652632323915,40.62521315513875,2837.969,1.857949982623541
B0007,154,1.441790586562399,0.06145601214896925,0.08889557028653669,2.1840705012733683,4.200028390360542,3.4722823212388754,32.446842086875606,40.58944296824891,2838.156,1.8512445938350375
B0007,155,1.431630947911111,0.06382375412452716,0.09017378045499043,2.1664368343684446,4.199347098159206,3.4701761898320465,32.39361892904713,40.584393586876246,2829.843,1.8509121480960298
B0007,156,1.4318084249673686,0.06454679946231442,0.09024797990776603,1.987193667465448,4.199148920577739,3.4635011119445216,32.417221778010834,40.884444140401214,2829.625,1.850858274670624
B0007,157,1.4262562585106868,0.06249691986052604,0.09115545784670619,2.1314172797434523,4.199648027535327,3.467453100453348,32.40094040453025,40.65159637790841,2819.437,1.850448167143934
B0007,158,1.4260877528924913,0.06334787344507525,0.09172637881195314,2.188995882590831,4.1991931757384515,3.4675864728547845,32.36314241861482,40.53138082339522,2819.579,1.8436986954785053
B0007,159,1.4212633510031694,0.06729379539953537,0.08877642239876088,2.0322464946417114,4.199053572226856,3.462182535852444,32.382600705235255,40.821433488540606,2810.672,1.8499114068945497
B0007,160,1.4163272748795108,0.06579546046710036,0.08913718734703446,2.1695130053947387,4.199879744716988,3.465962999117946,32.4323818014572,40.643362943412974,2811.485,1.8433052525030065
B0007,161,1.4165781829175994,0.06706903713310808,0.08931746529758988,1.9917978280585305,4.1986801794397035,3.4601727514874407,32.48861829940489,40.97063567014205,2802.422,1.8494704084408726
B0007,162,1.4108401729425177,0.06490942889368799,0.09075727480252856,2.1534486462617073,4.199235005181635,3.464226115253961,32.524062377970175,40.74888323397497,2801.625,1.8426518730090404
B0007,163,1.4109949628347804,0.06468467106868281,0.0912602372721357,2.0101572712330453,4.198950996279868,3.458799193390812,32.482615965621896,40.93461596721165,2802.031,1.8427340446711198
B0007,164,1.4061714290398801,0.06476607440681181,0.09331506762885133,2.132718741006573,4.199393701075195,3.4620805499710854,32.46389583182878,40.74175890345818,2793.39,1.8422546341563226
B0007,165,1.4063358479692922,0.06468646287403104,0.09357177480301318,2.0114763339798887,4.198994975977764,3.4578782949034514,32.55681404542561,41.00964443691023,2793.39,1.8422801054282008
B0007,166,1.4004552399066514,0.06492526583837316,0.0913267326241943,2.1610456063312298,4.198421699164089,3.461590937144894,32.576296430484255,40.80558697887537,2792.485,1.8356178787001052
B0007,167,1.4217865046055154,0.06242528216023714,0.08981214323944718,2.0143553387267827,4.188887274283021,3.462906230864041,32.81804879809979,40.92586026351328,2802.016,1.856105838135471
B0007,168,1.4324552720625434,0.06242528216023714,0.08981214323944718,2.1732119934933296,4.2050716026539625,3.4753580425264796,32.92941193334214,40.57390100608222,2820.39,1.8574525637904344
B0018,1,1.8550045207910817,0.06515815158455215,0.09555369570022001,2.4721608434600437,4.188195942647034,3.5275462263272543,31.773285281389256,38.10180309676608,3434.891,1.9542109199809996
B0018,2,1.8431955317089987,0.06269644718508349,0.09161902925465781,2.4114381994148304,4.186703558364525,3.534835576186522,31.924891594728642,38.14987995994155,3425.485,1.9474911909917818
B0018,3,1.8396018424355423,0.06137843058604763,0.09188288246238666,2.394395968141027,4.188811210133346,3.538246596159443,31.31691283374216,37.5266914843442,3410.375,1.9520851377838422
B0018,4,1.8306736044962053,0.06133724861449716,0.09141202809622342,2.3999481734774424,4.188875360300162,3.537697945111872,30.821190751176527,37.06279237079503,3404.719,1.946124428336899
B0018,5,1.8327002069419656,0.06143403300566526,0.09201876447685577,2.3851461229395867,4.189908817357781,3.542667604586918,31.95346971511436,38.2110354381278,3417.641,1.941296553298507
B0018,6,1.8285288846046388,0.06143403300566526,0.09201876447685577,2.3716770708389117,4.190509582057232,3.5451037330477333,32.02311236185272,38.17496505957075,3411.766,1.940081322071115
B0018,7,1.8212011895697924,0.06143403300566526,0.09201876447685577,2.4964491577040793,4.1903241054041,3.5475142438631493,31.634533158077694,37.64038685475582,3399.516,1.9336087087327076
B0018,8,1.8151700106433282,0.06143403300566526,0.09201876447685577,2.4374506721131883,4.190302498850287,3.544812433691423,31.288194921595714,37.37602884738843,3388.75,1.933297862328721
B0018,9,1.8042980520967649,0.06246407536667202,0.08784495845315991,2.4152206992194847,4.188517549229078,3.5434780274164095,31.11122470608501,37.28928029078695,3380.406,1.9326277820604822
B0018,10,1.8231002302844226,0.05911226141914418,0.08989822215265768,2.377432309524995,4.191794143442699,3.543133206790044,31.13166983979621,37.52377766578506,3404.141,1.9387908075093485
B0018,11,1.8121253520255494,0.05911226141914418,0.08989822215265768,2.3887487262583647,4.190699409462101,3.545155146280937,31.51305775907457,37.72420412562674,3396.141,1.9319664603010853
B0018,12,1.8046916382117766,0.05911226141914418,0.08989822215265768,2.432289857016922,4.1902633112754275,3.545032366549762,31.31102568785445,37.41366095304306,3384.094,1.925061300186587
B0018,13,1.790844349786295,0.05911226141914418,0.08989822215265768,2.497495633221204,4.18970538556629,3.5440892170496827,30.893964711700164,36.94724908852665,3370.656,1.9180531611923362
B0018,14,1.783470722841926,0.06105488892245489,0.08795484250803035,2.478768686108376,4.188354430914051,3.541317108618481,30.540598970902945,36.707091312059944,3357.797,1.9174273940216064
B0018,15,1.7809386125310702,0.06100929812130678,0.08710663504547878,2.3858494078680206,4.193543208571066,3.541197979542517,30.82566018736547,37.13061214416645,3363.015,1.918118110064441
B0018,16,1.771209039672698,0.06100929812130678,0.08710663504547878,2.372854084449551,4.190238041929225,3.541255460524434,31.451400678644536,37.686600065941576,3357.734,1.910662175289524
B0018,17,1.7686303996707076,0.06100929812130678,0.08710663504547878,2.4086912736769084,4.19075698083662,3.5427478949705886,31.518847747922937,37.633580732302406,3344.187,1.909473949995673
B0018,18,1.7536304801917124,0.06100929812130678,0.08710663504547878,2.496331992137246,4.189715378549557,3.541251093602656,31.11237289077096,37.15252578645951,3339.969,1.8961919320059226
B0018,19,1.7462197416415093,0.06064904573360479,0.08754929973933033,2.4199896352919668,4.187635645163932,3.5350260562177453,30.586452588663985,36.78829001793698,3327.641,1.8949909147363193
B0018,20,1.7376647337053737,0.06219481868267621,0.08570971190558405,2.3587321881999297,4.191004692440202,3.5326627624319777,30.242913021104116,36.541146197392216,3312.844,1.900306537433319
B0018,21,1.7315166735475835,0.06219481868267621,0.08570971190558405,2.4458096660548825,4.1906972904216495,3.5333109441755526,30.10270376338569,36.372087786130464,3302.031,1.8937532529571761
B0018,22,1.7085949894470602,0.06219481868267621,0.08570971190558405,2.3808537751929744,4.185877977731026,3.52738705832889,30.251184852221932,36.52608510498833,3305.547,1.874059169656162
B0018,23,1.711469957068211,0.06219481868267621,0.08570971190558405,2.436955746154759,4.188109147549676,3.5296025965720452,30.212407704391104,36.476252762052624,3289.562,1.8792679725699228
B0018,24,1.7075021373272627,0.06106479153135479,0.08848482071807108,2.4671365731790713,4.188302415854336,3.5289707694229833,30.125011009636175,36.377208902376694,3283.797,1.8781179185820256
B0018,25,1.7492382064360228,0.0595969662678692,0.08684055890192541,2.4129371999368505,4.18962510592865,3.5322741848919814,30.22428629982563,36.64000948247426,3325.235,1.8994255210827664
B0018,26,1.7327697147429955,0.0595969662678692,0.08684055890192541,2.3497771039810256,4.190150750158746,3.532438322521663,30.976376254737342,37.38165499248184,3317.547,1.8927442392596563
B0018,27,1.7222313328292376,0.0595969662678692,0.08684055890192541,2.4904700018477026,4.189151018945234,3.5363211310943603,31.41570291330098,37.59824760372582,3311.766,1.8784657143180254
B0018,28,1.711846298984729,0.0595969662678692,0.08684055890192541,2.4650908929255406,4.189631312089484,3.533535274219931,31.383299841535273,37.560555155163414,3305.218,1.8709273444688055
B0018,29,1.699267835126687,0.06287106178477314,0.08500615970912836,2.363133281953362,4.187690359657657,3.527012841842043,31.167937826253635,37.52114200586718,3295.453,1.869833775048847
B0018,30,1.6940366439243106,0.06095075041521759,0.08544326049182116,2.4790616361836206,4.190215357888677,3.52925730014011,30.994690437264207,37.21887096740918,3287.0,1.8624408195732676
B0018,31,1.6819027078768087,0.06095075041521759,0.08544326049182116,2.491905723274248,4.189776104976122,3.527821497534469,31.055317978554886,37.33441415744885,3276.922,1.854867790404577
B0018,32,1.6769770618433686,0.06095075041521759,0.08544326049182116,2.4337177596826547,4.189846430994002,3.525692957415014,31.373945543706103,37.7331798444306,3268.687,1.8539547618996213
B0018,33,1.6655229306478936,0.06095075041521759,0.08544326049182116,2.4424506461535755,4.188109551881256,3.5243962482347273,31.56128410753226,37.84649344841882,3260.594,1.8458129961867051
B0018,34,1.6571924575832084,0.06279037977354894,0.08611082715769634,2.4383419399858552,4.186368648390758,3.520797576383474,31.318474723902874,37.670164941661795,3258.812,1.8383647798398939
B0018,35,1.6482241555294048,0.062054327669918884,0.0841039159798283,2.4157245398944123,4.1901657245031085,3.519457281260753,31.104012325043946,37.53185198546868,3243.422,1.8436169601332795
B0018,36,1.6387701497987262,0.062054327669918884,0.0841039159798283,2.323395712524894,4.189966178473989,3.513165600287965,30.989730398009076,37.593333753421376,3236.515,1.8371621051457112
B0018,37,1.6276486907262062,0.062054327669918884,0.0841039159798283,2.4985039496028567,4.188259618341401,3.517217159454334,30.967851972472324,37.361410110678264,3230.734,1.8212842869006978
B0018,38,1.62215370227252,0.062054327669918884,0.0841039159798283,2.350237238739749,4.1897400575765795,3.5120091114107965,31.285342046153826,37.899803246715464,3222.093,1.8271648718054267
B0018,39,1.6140066510467586,0.06126874046942329,0.08711286500552247,2.3337740352348813,4.1862359225351335,3.50911052654104,31.41096207271253,38.03149707759718,3220.344,1.8191728083237904
B0018,40,1.6760516154424623,0.0627057717757101,0.08381129726407618,2.317647291087635,4.189625262426538,3.516106699716392,30.755137125871208,37.42220155418978,3250.75,1.8694837461066787
B0018,41,1.649300642552199,0.0627057717757101,0.08381129726407618,2.492394514304757,4.186586244011676,3.519010068254593,30.977446633931525,37.32511174435206,3239.344,1.8398837087631794
B0018,42,1.63238299185809,0.0627057717757101,0.08381129726407618,2.372828310153791,4.189366482043888,3.5124212742229295,30.800512192698992,37.31088262198154,3222.25,1.8381164059202344
B0018,43,1.6164159719025777,0.0627057717757101,0.08381129726407618,2.3560703177076867,4.188553804618968,3.50815215295169,30.616192795676138,37.232346556887364,3206.157,1.8297880104809248
B0018,44,1.6109028378249377,0.060230110173563736,0.0877848925885978,2.4644431530094417,4.188764708195774,3.508648568515266,30.399839302766903,36.94850857727268,3197.969,1.8212266980386598
B0018,45,1.5954638693695657,0.061801794410442104,0.08516278937578788,2.4195167274486726,4.188636968174337,3.5051993439595477,30.38386825126278,37.002663545357386,3181.625,1.820051163815339
B0018,46,1.726707440085764,0.061801794410442104,0.08516278937578788,2.3422406504312434,4.188466199744378,3.523165280193865,30.576239500422748,36.71025442949399,3302.36,1.8952650812503178
B0018,47,1.7165673917429753,0.061801794410442104,0.08516278937578788,2.3755467142668496,4.189570916346704,3.527269876472835,30.705906284556665,36.72807623650589,3285.812,1.8868537565375962
B0018,48,1.6958235570934848,0.061801794410442104,0.08516278937578788,2.4146291375325917,4.189584987657955,3.526762654741574,30.62583594950684,36.72959308355185,3260.016,1.8788753959478912
B0018,49,1.6777783190792557,0.061801794410442104,0.08516278937578788,2.3844645496129964,4.189371286385834,3.523020179476104,30.597357068657974,36.787462351640364,3240.031,1.8706037936587119
B0018,50,1.6606586897774192,0.061801794410442104,0.08516278937578788,2.398646371281655,4.187606340824144,3.519792345798265,30.528493896066262,36.75689163314213,3232.265,1.8563433115641514
B0018,51,1.6664109274827466,0.06335998574164574,0.08600824718099127,2.4557130111721626,4.188829347125095,3.5251014582287223,31.203754246103966,37.350157630970955,3232.031,1.862585561392643
B0018,52,1.6468336174407805,0.06335998574164574,0.08600824718099127,2.323665882820083,4.189202115880737,3.518519199837846,31.172639449335037,37.48126030855565,3209.5149999999994,1.8608275999435941
B0018,53,1.6257639928779952,0.06335998574164574,0.08600824718099127,2.488054079510012,4.186778882107656,3.5190801794284594,30.96825922704022,37.125443897626305,3196.125,1.8386717524299487
B0018,54,1.6121577411874595,0.06335998574164574,0.08600824718099127,2.3306937114568003,4.187888599491238,3.5114167272902406,30.821704306343133,37.19112571388883,3172.562,1.8439502592032078
B0018,55,1.6057366823755344,0.06335998574164574,0.08600824718099127,2.389399831578687,4.18915752014188,3.5108038681605738,30.765219721637393,37.17642722353301,3172.735,1.8363611899628556
B0018,56,1.673645314879889,0.06088396756004627,0.08522512012699898,2.4864200723178747,4.191289655270872,3.51432611790755,30.809988428281613,37.11936678632194,3238.109,1.8647983585269596
B0018,57,1.6404348572349936,0.06088396756004627,0.08522512012699898,2.4673631110639858,4.190628233635541,3.5196664048265607,31.039033590700278,37.2702464066457,3191.063,1.8573844598978848
B0018,58,1.6132653317422077,0.06088396756004627,0.08522512012699898,2.375173080957567,4.189158279329032,3.512403849382274,31.04176453157222,37.39550861947664,3165.828,1.8484570483918756
B0018,59,1.5920964324686278,0.06088396756004627,0.08522512012699898,2.371626022111289,4.185868202467219,3.5077862234460104,30.959784195511766,37.378956702246384,3140.407,1.8393054301836187
B0018,60,1.5866011820698824,0.062318942746054214,0.0859882467642574,2.463955873060647,4.186906972044146,3.5076596102713244,30.843513277103145,37.245718322158105,3131.922,1.8305065982985735
B0018,61,1.5800766490336253,0.0619094323498869,0.08488075014924702,2.475545296633258,4.189576283423886,3.5074833565874615,30.797157400797865,37.21755583353321,3121.109,1.8293412804363796
B0018,62,1.5641732953289167,0.0619094323498869,0.08488075014924702,2.3791563087604626,4.189808713646982,3.5023865933440717,30.984434580754094,37.56150979821064,3105.265,1.8279512192885508
B0018,63,1.555618272193922,0.0619094323498869,0.08488075014924702,2.4776158338943337,4.188889298039903,3.503693493885047,30.967899275139946,37.4174791317661,3091.25,1.8189271458622258
B0018,64,1.5402045278637397,0.0619094323498869,0.08488075014924702,2.4205549690097223,4.188220838257245,3.4989948462048113,30.976616345195186,37.55101533655474,3076.703,1.8173207359406967
B0018,65,1.5321613015959863,0.06328841535782422,0.08847320583286679,2.415388497112405,4.186454063976498,3.495405576723954,30.89768961926806,37.59895044072871,3062.328,1.815903873114457
B0018,66,1.5316232403693415,0.06244245641291251,0.08553075414412509,2.3974205597873093,4.1895672733133145,3.494528300232307,30.81568822237933,37.489239782169804,3050.563,1.8221864963215513
B0018,67,1.5222595950771978,0.06244245641291251,0.08553075414412509,2.497752653580319,4.1892977641056035,3.4962554827793926,30.726188079151118,37.37911114363861,3034.672,1.8131228210611743
B0018,68,1.5065267126851283,0.06244245641291251,0.08553075414412509,2.3726090777895896,4.186793087812023,3.48769646191346,30.76818712651005,37.559604168615785,3031.25,1.8045932244909424
B0018,69,1.5014219556532926,0.06244245641291251,0.08553075414412509,2.36844257542991,4.188594535127793,3.486547580844067,30.775415173787835,37.61805450748922,3011.343,1.8101191845563853
B0018,70,1.4963534117486457,0.06272459952717446,0.09004616962738907,2.331968556073514,4.186295492358637,3.482298183882304,30.761821976538275,37.71101994346608,3003.0,1.8091687217485317
B0018,71,1.5334262000312422,0.06319723456202592,0.0872013762847039,2.4057755306304176,4.187384370589753,3.491819481711868,30.913721930762733,37.767989299214086,3045.187,1.8277268538779212
B0018,72,1.523845267514426,0.06319723456202592,0.0872013762847039,2.4720838848798987,4.188929264481706,3.493995853241935,31.228215653165606,37.91919394450186,3028.469,1.8181357480526956
B0018,73,1.5011920994261239,0.06319723456202592,0.0872013762847039,2.342731326096539,4.1852697593324315,3.484377015629623,31.261679783387308,37.99328509003338,3012.937,1.8087318986371326
B0018,74,1.492417671450291,0.06319723456202592,0.0872013762847039,2.4198650452188226,4.18799771486628,3.4859116793558376,31.18408593575448,37.984838024989045,2998.875,1.8068838629047144
B0018,75,1.483323851940123,0.06319723456202592,0.0872013762847039,2.438879997223475,4.187899339921793,3.4842787539766786,31.001432353085377,37.8288851383529,2983.547,1.8051301104523692
B0018,76,1.4807376792294196,0.06332864514547537,0.08797976668527188,2.430465824271706,4.1882916128809375,3.482988652120672,30.981374033120872,37.844837975501,2966.86,1.8119470315792268
B0018,77,1.4735077809902477,0.06332864514547537,0.08797976668527188,2.4907267597860656,4.187409532380725,3.483799876979844,31.088687926688607,37.8984610468502,2954.797,1.8022960362005227
B0018,78,1.46801928526661,0.06332864514547537,0.08797976668527188,2.3678328028644775,4.188656943531829,3.4787540756450497,31.336420133762665,38.27784043980244,2945.735,1.8094290000039503
B0018,79,1.4580923557119019,0.06332864514547537,0.08797976668527188,2.3532703553328904,4.188198669984733,3.4752194351784507,31.22599987103565,38.24434303919528,2941.375,1.8001710585950088
B0018,80,1.4478660988891399,0.06438276069827963,0.09108149736581252,2.362897904778893,4.184528192003684,3.470739535801023,31.037323488688802,38.06956259266949,2923.953,1.7982783434087146
B0018,81,1.4527808777541982,0.06322621852227772,0.08762970040962542,2.420200016704328,4.1927676322495895,3.474600910003521,30.811349225731828,37.81744565252647,2921.031,1.8059082478297526
B0018,82,1.4425356364492432,0.06322621852227772,0.08762970040962542,2.472605886588914,4.187873640279204,3.4740521567700093,30.932223179746046,37.902567770354786,2902.75,1.7960421274876461
B0018,83,1.4392712877203313,0.06322621852227772,0.08762970040962542,2.483165462226557,4.1880559282136725,3.475075728648004,31.215527070380897,38.16628336469349,2897.875,1.7951360727402537
B0018,84,1.4286475681888218,0.06322621852227772,0.08762970040962542,2.4341986830086237,4.188063095530185,3.472424307596416,31.400797084337558,38.36789486715962,2892.094,1.7941739344584164
B0018,85,1.4249026750004896,0.06275964602343843,0.09224881675419787,2.497859027600416,4.185913481526783,3.471751102262539,31.259213269721236,38.19823604401131,2886.921,1.7843016718137399
B0018,86,1.4698115324524124,0.06306423201152148,0.08878755046571668,2.3747408457948316,4.187259539606346,3.4745407296058963,31.134701292957466,38.099982807571635,2942.531,1.813788499367627
B0018,87,1.4525819651050202,0.06306423201152148,0.08878755046571668,2.3589340839760866,4.187670932765983,3.471720060423485,31.246879695988095,38.214523782841354,2912.469,1.8110727721248212
B0018,88,1.442834198908794,0.06306423201152148,0.08878755046571668,2.4413266342198545,4.187836103953847,3.471398409828823,31.027558674438325,37.939696536164234,2895.594,1.800843536656487
B0018,89,1.428376058807949,0.06306423201152148,0.08878755046571668,2.311419659807122,4.18719517574786,3.4626491088970703,30.931917385258963,38.06666733482501,2884.406,1.7987451761291422
B0018,90,1.4154547844370715,0.06306423201152148,0.08878755046571668,2.4953159238201255,4.183339938829854,3.466072725920186,30.667082236656018,37.63260475617888,2873.766,1.7805436810978414
B0018,91,1.454576670077708,0.0654312939216661,0.08842632755307295,2.4398479869382084,4.192209704853633,3.4730670533412877,31.226789107710772,38.18223603956323,2893.375,1.8167789860440038
B0018,92,1.4283179548274056,0.0654312939216661,0.08842632755307295,2.376538319699514,4.1866224559264715,3.4668548162926327,31.387733116648285,38.3907466519188,2884.9839999999967,1.7982196580886103
B0018,93,1.4197026883204058,0.0654312939216661,0.08842632755307295,2.3722299202290382,4.186945959000922,3.46527367520258,31.505666838292886,38.51622654624205,2870.234,1.7965749976228835
B0018,94,1.4155606630306516,0.0654312939216661,0.08842632755307295,2.361475505115684,4.1874400308161395,3.4638878223448684,31.5462258449116,38.56612180540248,2864.11,1.7954761404060116
B0018,95,1.405680035419228,0.0640350502034096,0.09164169330042057,2.317937855025735,4.1845980039811215,3.457807923440064,31.389977882297476,38.5606541602861,2846.64,1.793869219146701
B0018,96,1.4084461071166137,0.06431683619311312,0.08680690256687046,2.3372859753156225,4.186742025132256,3.459813554486507,31.385433749863733,38.53842073636507,2839.532,1.8014995411383479
B0018,97,1.3968547782872414,0.06431683619311312,0.08680690256687046,2.3528810264952194,4.1871520936423146,3.458027727779737,31.423707199142058,38.548873480234754,2832.703,1.7916225516906055
B0018,98,1.3935670371440676,0.06431683619311312,0.08680690256687046,2.4646122144537173,4.187096292904282,3.4613996718507845,31.435368910968148,38.45838357496903,2827.077999999994,1.7818723066157318
B0018,99,1.3893644292809475,0.06431683619311312,0.08680690256687046,2.4684655225527004,4.187367312766795,3.4611285476693214,31.542375291159843,38.54382874673793,2821.531,1.7798215335831953
B0018,100,1.3785651415666713,0.06546443423939434,0.0925002319045349,2.4092923539400735,4.18534593452204,3.455556822823358,31.52669677306915,38.650883957434026,2805.156,1.7857845674580486
B0018,101,1.384901110085747,0.06545297065463919,0.0888408418585299,2.477625480372779,4.186646524222555,3.459598362944341,31.435921914290372,38.45654834997334,2814.906,1.7784697702070318
B0018,102,1.3703251814242443,0.06545297065463919,0.0888408418585299,2.335608852853518,4.184730834033599,3.4506569891269216,31.475238112886494,38.6564130442344,2801.156,1.7779631110390546
B0018,103,1.3733464385229082,0.06545297065463919,0.0888408418585299,2.441999086782534,4.187175976285891,3.455515243082573,31.5817445550721,38.655587491253975,2794.187,1.776571638758199
B0018,104,1.3679487285504814,0.06545297065463919,0.0888408418585299,2.4651687831472158,4.186108406696249,3.455840338587253,31.647958536134297,38.6997087046862,2785.391,1.7754506013455535
B0018,105,1.3567141087089647,0.06605675981972527,0.09024364278181114,2.370892032033162,4.183460397462309,3.448678293668265,31.662032275252905,38.87481687744787,2779.5,1.774390955906574
B0018,106,1.4604310209194575,0.06550914978909368,0.08957234616173203,2.461879783248223,4.187091541628412,3.474503178644755,30.434500875864142,37.363974526077364,2899.234,1.819794772496375
B0018,107,1.4500998937104097,0.06550914978909368,0.08957234616173203,2.4247066368907255,4.18736921126964,3.474031881945217,31.017997058077018,37.88258787662229,2894.922,1.8099274121091273
B0018,108,1.4381406901824496,0.06550914978909368,0.08957234616173203,2.4447222974031386,4.187597633155394,3.474404210386772,31.39483761465523,38.158980736604235,2888.25,1.7994716802739485
B0018,109,1.4283681980964316,0.06550914978909368,0.08957234616173203,2.443569395327192,4.187608979498198,3.471767043833224,31.24511885640641,38.05243159675446,2873.906,1.7960312665730238
B0018,110,1.4147874517552432,0.06550914978909368,0.08957234616173203,2.4666000274194886,4.186194120124063,3.4685305272975935,31.05306925187263,37.89096376444466,2847.406,1.7958067536887055
B0018,111,1.413889163393182,0.06602461415916355,0.0893968694708912,2.4272514813701016,4.186991375693876,3.4651213646662598,30.88589263299331,37.81203585126145,2849.281,1.793095983967619
B0018,112,1.3989331662177225,0.06602461415916355,0.0893968694708912,2.4762628371779,4.185443351643291,3.4652879859475885,31.053992379018933,37.9591954678784,2833.688,1.784522220258497
B0018,113,1.3953322584033976,0.06602461415916355,0.0893968694708912,2.3607989727330003,4.186308413669027,3.461799526154992,31.492840068071885,38.521043498835155,2826.453,1.793634938624377
B0018,114,1.390046129540245,0.06602461415916355,0.0893968694708912,2.377011586588198,4.187179397572641,3.463260140320492,31.93832684630049,38.878687997701746,2818.312,1.7921712656095332
B0018,115,1.3860271454209647,0.06528925688517716,0.0913916544478255,2.4567563196678455,4.1854460754417,3.462839429201602,31.74562722135923,38.65118899876309,2812.7189999999973,1.7810627455284795
B0018,116,1.388215260193751,0.06297327821062598,0.08791100017078796,2.3277314025979847,4.193052368415502,3.4569152237960306,31.31018499405759,38.434235278537344,2803.5,1.7990905233497705
B0018,117,1.3761826562394497,0.06297327821062598,0.08791100017078796,2.4537913827403948,4.186241953638429,3.4574690175816127,31.127360345471814,38.103875724329995,2783.25,1.7874289422857004
B0018,118,1.3647168898640165,0.06297327821062598,0.08791100017078796,2.3475608877759067,4.186011006323472,3.4502191781217797,30.985550813719595,38.12742842632319,2776.391,1.7863907389611124
B0018,119,1.3589854739373584,0.06297327821062598,0.08791100017078796,2.3558347560196564,4.18675624032869,3.4486728051793962,30.899653280757406,38.03962943213698,2766.516,1.7850675674566443
B0018,120,1.3462308764008801,0.06516852362411818,0.09570731197373636,2.3791102362944754,4.1831553230638425,3.444632719716698,30.706123644966482,37.85657903247749,2751.516,1.7785410209464845
B0018,121,1.4268427818454643,0.0637387678424481,0.09115176519190589,2.444740635238248,4.191989955143364,3.467272639213176,30.47122187456595,37.43017193410286,2848.859,1.8098578920322332
B0018,122,1.4064481483279663,0.0637387678424481,0.09115176519190589,2.431867772331712,4.185628679672912,3.464490491162134,30.939221783021114,37.8264149292754,2840.016,1.7897567152433196
B0018,123,1.3934907492075153,0.0637387678424481,0.09115176519190589,2.344037291947413,4.186834478731371,3.459667012281024,31.111640631561894,38.08307173716899,2817.375,1.79712433226739
B0018,124,1.3882493512249316,0.0637387678424481,0.09115176519190589,2.456436863057259,4.186613091061155,3.462241956955771,31.037910219908994,37.88279649093536,2809.234,1.78629328383804
B0018,125,1.3701878338420928,0.0637387678424481,0.09115176519190589,2.395547668334432,4.183907160253637,3.4555661695067355,30.967950840538833,37.96027066990377,2791.187,1.784332103220891
B0018,126,1.3796951665608619,0.06521856379431411,0.09034871149507483,2.4536749172979215,4.18533882899107,3.458696199585801,30.93996203578424,37.880513353762176,2794.016,1.7846736208611762
B0018,127,1.3686586323935683,0.06521856379431411,0.09034871149507483,2.3062728144586413,4.185280284017658,3.4525282614097663,31.295019295352862,38.43416278222213,2774.719,1.792648285745223
B0018,128,1.3627371779096438,0.06521856379431411,0.09034871149507483,2.3471092023857154,4.186281579801858,3.4552290080443044,31.81846533166901,38.847489737859576,2777.844,1.78281998030131
B0018,129,1.3634051133928073,0.06521856379431411,0.09034871149507483,2.4884289104730986,4.185356132672309,3.4619744219744675,32.00067162597675,38.80283421497622,2781.125,1.7727156085735203
B0018,130,1.3518646035305233,0.06590455963486774,0.0920096535708447,2.3992178234155577,4.181406543107895,3.452221905520614,31.73992229230571,38.72699121838442,2760.906,1.7700452313038857
B0018,131,1.3547969729652622,0.06606850271516486,0.08895885074391789,2.2786338886500292,4.185252405343103,3.447650049442191,31.52613649688221,38.67191958148309,2753.25,1.788630046665221
B0018,132,1.341051440640485,0.06606850271516486,0.08895885074391789,2.3655846763383734,4.185763363191996,3.447928507599004,31.27624493654335,38.371813640118894,2742.843,1.7778658975348722
